"code","protocol_id","path","title","encoding_maturity","claims_renal","renal_inputs","renal_rules","claims_hepatic","hepatic_inputs","hepatic_rules","mismatches"
"","","protocols/_shared/ecog-context-placeholder.json","","not_formally_audited","false","","","false","","",""
"","","protocols/_shared/single-agent-ici-profile.json","","not_formally_audited","false","","","false","","",""
"","","protocols/package.json","","not_formally_audited","false","","","false","","",""
"","","protocols/protocol-schema.json","","not_formally_audited","false","","","false","","",""
"00000","nccp-00000-v1","protocols/_template/protocol-template.json","Example regimen","not_formally_audited","false","","","false","","",""
"00100","nccp-00100-v6","protocols/sarcoma/00100-mifamurtide-therapy.json","Mifamurtide Therapy","not_formally_audited","true","mifamurtide_renal_band","RENAL_LT30|RENAL_HD","true","child_pugh","HEP_B|HEP_C",""
"00101","nccp-00101-v8","protocols/genitourinary/00101-cabazitaxel-prednisolone.json","Cabazitaxel and Prednisolone Therapy","not_formally_audited","false","renal_band","RENAL","false","hepatic_band","HEP_MILD|HEP_MOD|HEP_SEVERE",""
"00102","nccp-00102-v6","protocols/skin/00102-vemurafenib-monotherapy.json","Vemurafenib Monotherapy","not_formally_audited","false","","","false","alt_ast_uln_multiple|bilirubin_uln_multiple","",""
"00103","nccp-00103-v9","protocols/genitourinary/00103-abiraterone-prednisolone-mcrpc.json","Abiraterone and prednisolone Therapy (mCRPC)","not_formally_audited","false","creatinine_below_1_5_uln","CREATININE_ELIGIBILITY","false","bilirubin_uln_multiple|alt_ast_uln_multiple|alp_u_l|child_pugh|active_hepatitis_or_chronic_liver_disease","BILIRUBIN_ELIGIBILITY|TRANSAMINASE_ELIGIBILITY|ALP_ELIGIBILITY|CHILD_PUGH_B|CHILD_PUGH_C|HEPATITIS_EXCLUSION",""
"00104","nccp-00104-v6","protocols/genitourinary/00104-axitinib-monotherapy.json","Axitinib Monotherapy","not_formally_audited","false","","","false","alt_ast_uln_multiple|bilirubin_uln_multiple","",""
"00105","nccp-00105-v7","protocols/skin/00105-ipilimumab-monotherapy.json","Ipilimumab Monotherapy","not_formally_audited","false","creatinine_ratio_baseline_or_uln","ICI_RENAL","false","alt_ast_uln_multiple|bilirubin_uln_multiple","",""
"00200","nccp-00200-vcurrent","protocols/breast/00200-trastuzumab-iv-q21d.json","Trastuzumab Intravenous Monotherapy – 21 days","not_formally_audited","false","","","false","","",""
"00201","nccp-00201-v6","protocols/breast/00201-trastuzumab-iv-weekly.json","Trastuzumab Intravenous Monotherapy – 7 days","not_formally_audited","false","","","false","","",""
"00202","nccp-00202-v7","protocols/breast/00202-docetaxel-100-21-day.json","Docetaxel Monotherapy 100 mg/m² – 21 day","not_formally_audited","false","","","false","","",""
"00203","nccp-00203-v7","protocols/breast/00203-docetaxel-75-21-day.json","Docetaxel Monotherapy 75 mg/m² – 21 day cycle","not_formally_audited","false","","","false","hepatic_band","HEPATIC_75|HEPATIC_50|HEPATIC_STOP",""
"00204","nccp-00204-v11","protocols/breast/00204-pertuzumab-trastuzumab-docetaxel.json","Pertuzumab, Trastuzumab and Docetaxel Therapy – 21 day cycle","not_formally_audited","false","","","false","significant_hepatic_dysfunction|ast_alt_uln|bilirubin_uln","(unnamed)|(unnamed)",""
"00205","nccp-00205-v8","protocols/breast/00205-pegylated-liposomal-doxorubicin.json","Pegylated Liposomal Doxorubicin 50 mg/m² – 28 day","partial_rule_encoding","false","","","false","bilirubin_uln_multiple","PLD_BILI_GT4_3|PLD_BILI_GT2_5|PLD_BILI_GT1",""
"00206","nccp-00206-vcurrent","protocols/breast/00206-t-dm1-metastatic.json","Trastuzumab Emtansine (T-DM1) Therapy – 21 days","not_formally_audited","false","","","false","ast_alt_grade|bilirubin_grade","(unnamed)",""
"00207","nccp-00207-v5","protocols/gastrointestinal/00207-cetuximab-therapy-7-days.json","Cetuximab Therapy – 7 days","partial_rule_encoding","false","","","false","","",""
"00209","nccp-00209-v10a","protocols/gastrointestinal/00209-modified-folfox6.json","FOLFOX-6 Modified Therapy – 14 day","not_formally_audited","false","crcl_ml_min|haemodialysis","(unnamed)|(unnamed)|(unnamed)","false","hepatic_impairment_category","(unnamed)|(unnamed)",""
"00210","nccp-00210-v9b","protocols/gastrointestinal/00210-folfox-4-therapy-14-day.json","FOLFOX-4 Therapy – 14 day","partial_rule_encoding","false","oxaliplatin_renal_band","OXALIPLATIN_SEVERE_RENAL|OXALIPLATIN_DIALYSIS","false","","",""
"00212","nccp-00212-v6a","protocols/breast/00212-bevacizumab-q14d.json","Bevacizumab 10 mg/kg – 14 days","not_formally_audited","false","renal_or_hepatic_clinical_concern","(unnamed)","false","renal_or_hepatic_clinical_concern","(unnamed)",""
"00213","nccp-00213-v7","protocols/gastrointestinal/00213-irinotecan-monotherapy-21-day.json","Irinotecan Monotherapy – 21 day","partial_rule_encoding","false","","","false","bilirubin_uln_multiple","IRINOTECAN_BILIRUBIN_OVER_3ULN",""
"00214","nccp-00214-v8","protocols/shared/00214-bevacizumab-7-5-mg-kg-21-days.json","Bevacizumab 7.5 mg/kg – 21 days","partial_rule_encoding","false","","","false","","",""
"00215","nccp-00215-v7","protocols/shared/00215-bevacizumab-15mgkg.json","Bevacizumab 15 mg/kg Therapy — 21 days","not_formally_audited","false","renal_or_hepatic_clinical_concern","(unnamed)","false","renal_or_hepatic_clinical_concern","(unnamed)",""
"00216","nccp-00216-v8","protocols/gastrointestinal/00216-capecitabine-monotherapy.json","Capecitabine Monotherapy","not_formally_audited","false","crcl_ml_min|haemodialysis","(unnamed)|(unnamed)|(unnamed)|(unnamed)","false","bilirubin_ratio_uln|alt_ast_ratio_uln","(unnamed)|(unnamed)",""
"00217","nccp-00217-vcurrent","protocols/breast/00217-lapatinib-capecitabine.json","Lapatinib and Capecitabine Therapy - 21 days","not_formally_audited","false","crcl_band","(unnamed)|(unnamed)|(unnamed)","false","alt_grade|bilirubin_grade","(unnamed)|(unnamed)",""
"00218","nccp-00218-v3","protocols/haemato-oncology/plasma-cell/00218-lenalidomide-dexamethasone-28-day.json","Lenalidomide 25 mg and Dexamethasone — 28 day","not_formally_audited","false","crcl_ml_min|haemodialysis","(unnamed)|(unnamed)|(unnamed)","false","bilirubin_ratio_uln","",""
"00219","nccp-00219-v6","protocols/lung/00219-erlotinib-monotherapy.json","Erlotinib Monotherapy","partial_rule_encoding","false","","","false","alt_ast_uln_multiple|bilirubin_uln_multiple","TARGET_HEPATITIS",""
"00220","nccp-00220-v5","protocols/lung/00220-gefitinib-monotherapy.json","Gefitinib Monotherapy","partial_rule_encoding","false","","","false","alt_ast_uln_multiple|bilirubin_uln_multiple","TARGET_HEPATITIS",""
"00221","nccp-00221-v5","protocols/lung/00221-afatinib-monotherapy.json","Afatinib Monotherapy","partial_rule_encoding","false","","","false","alt_ast_uln_multiple|bilirubin_uln_multiple","TARGET_HEPATITIS",""
"00222","nccp-00222-v5","protocols/lung/00222-pemetrexed-monotherapy.json","Pemetrexed Monotherapy","partial_rule_encoding","false","pemetrexed_renal_band","PEME_RENAL_30_44|PEME_RENAL_LT30|PEME_DIALYSIS","false","","",""
"00225","nccp-00225-v6","protocols/gastrointestinal/00225-panitumumab-6-mg-kg-therapy.json","Panitumumab 6 mg/kg Therapy","partial_rule_encoding","false","","","false","","",""
"00226","nccp-00226-v9","protocols/shared/00226-paclitaxel-monotherapy-weekly.json","Paclitaxel Monotherapy 80mg/m² Day 1, 8, 15 and 22 – 28 Day","not_formally_audited","false","","","false","severe_hepatic_impairment|alt_ratio_uln|bilirubin_ratio_uln","(unnamed)|(unnamed)|(unnamed)|(unnamed)|(unnamed)",""
"00227","nccp-00227-v9","protocols/gastrointestinal/00227-folfiri.json","FOLFIRI Therapy - 14 day","not_formally_audited","false","crcl_ml_min|haemodialysis","(unnamed)|(unnamed)|(unnamed)","false","bilirubin_ratio_uln|bilirubin_umol_l|ast_u_l|hepatic_impairment_severity","(unnamed)|(unnamed)|(unnamed)|(unnamed)|(unnamed)",""
"00228","nccp-00228-v8","protocols/breast/00228-eribulin-monotherapy.json","Eribulin Monotherapy","not_formally_audited","true","eribulin_renal_band","ERIB_RENAL_LT50|ERIB_HD","true","child_pugh","ERIB_CP_A|ERIB_CP_B|ERIB_CP_C",""
"00230","nccp-00230-v7","protocols/breast/00230-nab-paclitaxel-q21d.json","nab-Paclitaxel Monotherapy - 21 day","not_formally_audited","false","","","false","hepatic_impairment","(unnamed)",""
"00232","nccp-00232-v5","protocols/breast/00232-vinorelbine-iv.json","Intravenous Vinorelbine Monotherapy - 21 days","not_formally_audited","false","","","false","hepatic_impairment","(unnamed)",""
"00233","nccp-00233-v7","protocols/genitourinary/00233-enzalutamide.json","Enzalutamide Monotherapy","not_formally_audited","false","renal_band","RENAL_LIMITED","false","severe_hepatic_impairment","SEVERE_HEPATIC",""
"00235","nccp-00235-v5","protocols/gastrointestinal/00235-teysuno-s-1-and-cisplatin-28-day.json","Teysuno (S-1) and Cisplatin – 28 day","partial_rule_encoding","false","cisplatin_crcl_band","CISPLATIN_CRCL_45_59|CISPLATIN_CRCL_LT45|CISPLATIN_DIALYSIS","false","","",""
"00236","nccp-00236-v3","protocols/skin/00236-vismodegib-monotherapy.json","Vismodegib Monotherapy","not_formally_audited","false","","","false","alt_ast_uln_multiple|bilirubin_uln_multiple","",""
"00237","nccp-00237-v6","protocols/skin/00237-dabrafenib-monotherapy.json","Dabrafenib Monotherapy","not_formally_audited","false","","","false","alt_ast_uln_multiple|bilirubin_uln_multiple","",""
"00238","nccp-00238-v6","protocols/gastrointestinal/00238-aflibercept-folfiri.json","Aflibercept and FOLFIRI Therapy -14 day","not_formally_audited","false","crcl_ml_min|haemodialysis","(unnamed)|(unnamed)|(unnamed)","false","bilirubin_ratio_uln|bilirubin_umol_l|ast_u_l|hepatic_impairment_severity","(unnamed)|(unnamed)|(unnamed)|(unnamed)|(unnamed)",""
"00239","nccp-00239-v8","protocols/gastrointestinal/00239-eox-epirubicin-oxaliplatin-and-capecitabine-therapy.json","EOX: Epirubicin, Oxaliplatin and Capecitabine Therapy","partial_rule_encoding","false","oxaliplatin_renal_band","OXALIPLATIN_SEVERE_RENAL|OXALIPLATIN_DIALYSIS","false","","",""
"00240","nccp-00240-v8","protocols/gastrointestinal/00240-ecf-epirubicin-cisplatin-and-5-fluorouracil-therapy.json","ECF: Epirubicin, Cisplatin and 5-Fluorouracil Therapy","partial_rule_encoding","false","cisplatin_crcl_band","CISPLATIN_CRCL_45_59|CISPLATIN_CRCL_LT45|CISPLATIN_DIALYSIS","false","","",""
"00242","nccp-00242-v6","protocols/head-neck/00242-vandetanib-monotherapy.json","Vandetanib Monotherapy","not_formally_audited","false","vandetanib_renal_band","VAN_RENAL","false","alt_ast_uln_multiple|bilirubin_uln_multiple","VAN_BILI",""
"00243","nccp-00243-v7","protocols/lung/00243-crizotinib-monotherapy.json","Crizotinib Monotherapy","partial_rule_encoding","false","","","false","alt_ast_uln_multiple|bilirubin_uln_multiple","TARGET_HEPATITIS",""
"00244","nccp-00244-v5","protocols/gastrointestinal/00244-regorafenib.json","Regorafenib Monotherapy","not_formally_audited","false","","","false","child_pugh|alt_ast_ratio_uln|bilirubin_ratio_uln|liver_event_recurrence","(unnamed)|(unnamed)|(unnamed)|(unnamed)|(unnamed)|(unnamed)",""
"00245","nccp-00245-v4a","protocols/haemato-oncology/plasma-cell/00245-pomalidomide-dexamethasone.json","Pomalidomide and Dexamethasone","not_formally_audited","false","crcl_ml_min|haemodialysis","(unnamed)","false","bilirubin_ratio_uln|child_pugh_class","(unnamed)",""
"00246","nccp-00246-v5","protocols/gynaecology/00246-methotrexate-8-day-charing-cross-regimen.json","Methotrexate 8-day Charing Cross Regimen","not_formally_audited","false","","","false","alt_ast_uln_multiple|bilirubin_uln_multiple","",""
"00247","nccp-00247-v4","protocols/gynaecology/00247-dactinomycin-therapy.json","Dactinomycin Therapy","not_formally_audited","false","","","false","alt_ast_uln_multiple|bilirubin_uln_multiple","",""
"00248","nccp-00248-v4","protocols/gynaecology/00248-ema-co-therapy.json","EMA/CO Therapy","not_formally_audited","false","","","false","alt_ast_uln_multiple|bilirubin_uln_multiple","",""
"00249","nccp-00249-v3","protocols/gynaecology/00249-intrathecal-methotrexate-for-cns-prophylaxis-in-gtn.json","Intrathecal Methotrexate for CNS Prophylaxis in GTN","not_formally_audited","false","","","false","alt_ast_uln_multiple|bilirubin_uln_multiple","",""
"00250","nccp-00250-v8","protocols/breast/00250-docetaxel-cyclophosphamide.json","Docetaxel / Cyclophosphamide (TC) Therapy – 21 day","not_formally_audited","false","egfr","(unnamed)","false","bilirubin_uln_multiple|alt_uln_multiple","(unnamed)",""
"00251","nccp-00251-v6","protocols/breast/00251-carboplatin-q28d.json","Carboplatin AUC 4-6 Monotherapy - 28 day","not_formally_audited","false","gfr|serum_creatinine_change_percent","(unnamed)|(unnamed)|(unnamed)","false","","",""
"00252","nccp-00252-v7","protocols/breast/00252-ac-doxorubicin-cyclophosphamide.json","Doxorubicin and Cyclophosphamide (AC 60/600) Therapy – 21 day","not_formally_audited","false","egfr","(unnamed)","false","bilirubin_uln_multiple|alt_uln_multiple|ast_uln_multiple","(unnamed)",""
"00253","nccp-00253-vcurrent","protocols/breast/00253-tamoxifen.json","Tamoxifen Monotherapy","not_formally_audited","false","","","false","severe_hepatic_impairment","(unnamed)",""
"00254","nccp-00254-v5","protocols/breast/00254-anastrozole-monotherapy.json","Anastrozole Monotherapy","not_formally_audited","false","","","false","alt_grade|ast_grade|child_pugh_class","severe_hepatic_impairment_review",""
"00256","nccp-00256-v7","protocols/gastrointestinal/00256-nab-paclitaxel-gemcitabine.json","nab-Paclitaxel and Gemcitabine Therapy -28 day","not_formally_audited","false","","","false","bilirubin_uln_multiple|ast_uln_multiple","",""
"00257","nccp-00257-v8","protocols/genitourinary/00257-radium-223.json","Radium-223 Therapy","not_formally_audited","false","","","false","","",""
"00258","nccp-00258-v9","protocols/breast/00258-tch-docetaxel-carboplatin-trastuzumab.json","Docetaxel, Carboplatin and Trastuzumab (TCH) – 21 days","not_formally_audited","false","","","false","","",""
"00259","nccp-00259-v6","protocols/breast/00259-vinorelbine-oral.json","Oral Vinorelbine Monotherapy - 7 days","not_formally_audited","false","","","false","alt_uln_multiple|ast_uln_multiple|bilirubin_uln_multiple","(unnamed)|(unnamed)|(unnamed)",""
"00260","nccp-00260-v7","protocols/breast/00260-ac-followed-by-weekly-paclitaxel.json","AC 21-day followed by weekly Paclitaxel (AC-T)","not_formally_audited","false","","","false","","",""
"00261","nccp-00261-v7","protocols/breast/00261-carboplatin-q21d.json","Carboplatin AUC 4-6 Monotherapy - 21 day","not_formally_audited","false","gfr|serum_creatinine_change_percent","(unnamed)|(unnamed)|(unnamed)","false","","",""
"00262","nccp-00262-vcurrent","protocols/breast/00262-ec90.json","Epirubicin 90 and Cyclophosphamide (EC90)","not_formally_audited","false","","","false","","",""
"00263","nccp-00263-vcurrent","protocols/breast/00263-ec75.json","Epirubicin 75 and Cyclophosphamide (EC75)","not_formally_audited","false","","","false","","",""
"00264","nccp-00264-v3b","protocols/gynaecology/00264-ema-ep-therapy.json","EMA/EP Therapy","not_formally_audited","false","cisplatin_renal_band","CIS_50_59|CIS_40_49|CIS_LT40","false","alt_ast_uln_multiple|bilirubin_uln_multiple","",""
"00265","nccp-00265-v6b","protocols/breast/00265-fec100.json","5-Fluorouracil, Epirubicin 100 and Cyclophosphamide (FEC100)","not_formally_audited","false","","","false","","",""
"00266","nccp-00266-v4","protocols/gynaecology/00266-paclitaxel-etoposide-alternating-with-paclitaxel-cisplatin-te-tp-therapy.json","Paclitaxel/Etoposide alternating with Paclitaxel/Cisplatin (TE/TP) Therapy","not_formally_audited","false","cisplatin_renal_band","CIS_50_59|CIS_40_49|CIS_LT40","false","alt_ast_uln_multiple|bilirubin_uln_multiple","TAXANE_LFT",""
"00267","nccp-00267-v4","protocols/gynaecology/00267-two-day-etoposide-and-cisplatin-ep-therapy.json","Two-day Etoposide and Cisplatin (EP) Therapy","not_formally_audited","false","cisplatin_renal_band","CIS_50_59|CIS_40_49|CIS_LT40","false","alt_ast_uln_multiple|bilirubin_uln_multiple","",""
"00269","nccp-00269-v7a","protocols/breast/00269-fec50.json","5-Fluorouracil, Epirubicin 50 and Cyclophosphamide (FEC50)","not_formally_audited","false","","","false","","",""
"00270","nccp-00270-v3a","protocols/haemato-oncology/plasma-cell/00270-bortezomib-dexamethasone.json","Bortezomib and dexamethasone Therapy","not_formally_audited","false","crcl_ml_min|haemodialysis","(unnamed)|(unnamed)","false","bilirubin_ratio_uln","(unnamed)",""
"00271","nccp-00271-v7","protocols/lung/00271-carboplatin-etoposide.json","Carboplatin AUC 5 and Etoposide 100 mg/m² Therapy – 21 day","not_formally_audited","false","egfr","(unnamed)","false","bilirubin_uln_multiple|alt_uln_multiple","(unnamed)",""
"00272","nccp-00272-v4","protocols/breast/00272-trastuzumab-sc-q21d-metastatic.json","Trastuzumab Subcutaneous 21 days – Metastatic Breast Cancer","not_formally_audited","false","","","false","","",""
"00273","nccp-00273-v3","protocols/haemato-oncology/plasma-cell/00273-cybord-21-day.json","Cyclophosphamide, Bortezomib and Dexamethasone (CyBorD) — 21 day","not_formally_audited","false","crcl_ml_min|haemodialysis","(unnamed)|(unnamed)|(unnamed)","false","bilirubin_ratio_uln","(unnamed)",""
"00275","nccp-00275-v3","protocols/haemato-oncology/plasma-cell/00275-bortezomib-melphalan-prednisolone.json","Bortezomib, Melphalan and Prednisolone Therapy","not_formally_audited","false","crcl_ml_min|haemodialysis","(unnamed)|(unnamed)|(unnamed)|(unnamed)|(unnamed)","false","bilirubin_ratio_uln","(unnamed)",""
"00278","nccp-00278-v7","protocols/breast/00278-dose-dense-ac-paclitaxel-14-day.json","Dose-dense AC followed by Paclitaxel 175 mg/m² every 14 days","not_formally_audited","false","","","false","","",""
"00279","nccp-00279-v7","protocols/shared/00279-cisplatin-75-mg-m2-etoposide-100-mg-m2-and-radiotherapy-21-day.json","Cisplatin 75 mg/m², Etoposide 100 mg/m² and Radiotherapy – 21 day","not_formally_audited","true","cisplatin_renal_band|etoposide_renal_band","CISPLATIN_RENAL_45_59|CISPLATIN_RENAL_LT45|CISPLATIN_RENAL_LT30|CISPLATIN_DIALYSIS|ETOP_RENAL_15_49|ETOP_RENAL_LT15|ETOP_DIALYSIS","true","bilirubin_uln_multiple","ETOP_BILI_HIGH",""
"00280","nccp-00280-v6","protocols/lung/00280-cisplatin-etoposide.json","Cisplatin 75 mg/m² and Etoposide 100 mg/m² Therapy – 21 day","not_formally_audited","false","egfr","(unnamed)","false","bilirubin_uln_multiple|alt_uln_multiple","",""
"00281","nccp-00281-v7","protocols/lung/00281-gemcitabine-cisplatin.json","Gemcitabine 1250 mg/m² and Cisplatin 75 mg/m² Therapy — 21 day","not_formally_audited","false","crcl_ml_min","(unnamed)|(unnamed)|(unnamed)","false","bilirubin_micromol_l","(unnamed)",""
"00282","nccp-00282-v5","protocols/genitourinary/00282-gemcitabine-and-cisplatin-70-mg-m-28-day.json","Gemcitabine and Cisplatin 70 mg/m² – 28 day","not_formally_audited","false","cisplatin_renal_band","CIS_RENAL_50|CIS_RENAL_40|CIS_RENAL_LOW","false","alt_ast_uln_multiple|bilirubin_uln_multiple","",""
"00283","nccp-00283-v6","protocols/gastrointestinal/00283-gemcitabine-1000-mg-m2-monotherapy-56-day.json","Gemcitabine 1000 mg/m² Monotherapy – 56 day","partial_rule_encoding","false","","","false","","",""
"00284","nccp-00284-v5","protocols/shared/00284-gemcitabine-1000-mg-m2-monotherapy-28-day.json","Gemcitabine 1000 mg/m² Monotherapy – 28 day","partial_rule_encoding","false","","","false","","",""
"00285","nccp-00285-v4","protocols/breast/00285-trastuzumab-sc-q21d-ebc.json","Trastuzumab Subcutaneous 21 days – Early Breast Cancer","not_formally_audited","false","","","false","","",""
"00294","nccp-00294-v4","protocols/gastrointestinal/00294-sorafenib-therapy.json","Sorafenib Therapy","partial_rule_encoding","false","","","false","alt_ast_uln_multiple|bilirubin_uln_multiple","ORAL_TARGETED_LFT_REVIEW|ORAL_TARGETED_BILIRUBIN_REVIEW",""
"00295","nccp-00295-v6","protocols/head-neck/00295-lenvatinib-dtc-therapy.json","Lenvatinib DTC Therapy","not_formally_audited","false","","","false","alt_ast_uln_multiple|bilirubin_uln_multiple","",""
"00299","nccp-00299-v3a","protocols/haemato-oncology/plasma-cell/00299-modified-weekly-cybord.json","Modified CyBorD — weekly therapy","not_formally_audited","false","crcl_ml_min|haemodialysis","(unnamed)|(unnamed)|(unnamed)","false","bilirubin_ratio_uln","(unnamed)",""
"00300","nccp-00300-v7b","protocols/gynaecology/00300-bleomycin-etoposide-and-cisplatin-bep-therapy.json","Bleomycin, Etoposide and Cisplatin (BEP) Therapy","not_formally_audited","false","cisplatin_renal_band","CIS_50_59|CIS_40_49|CIS_LT40","false","alt_ast_uln_multiple|bilirubin_uln_multiple","",""
"00301","nccp-00301-v5","protocols/gynaecology/00301-etoposide-and-cisplatin-20-mg-m-ep-5-day-therapy.json","Etoposide and Cisplatin 20 mg/m² (EP) 5-day Therapy","not_formally_audited","false","cisplatin_renal_band","CIS_50_59|CIS_40_49|CIS_LT40","false","alt_ast_uln_multiple|bilirubin_uln_multiple","",""
"00303","nccp-00303-v6","protocols/gynaecology/00303-carboplatin-paclitaxel-21-day.json","Carboplatin AUC 5–7.5 and Paclitaxel 175 mg/m² Therapy – 21 day","not_formally_audited","false","egfr","(unnamed)","false","bilirubin_uln_multiple|alt_uln_multiple","(unnamed)",""
"00304","nccp-00304-v8","protocols/lung/00304-carboplatin-paclitaxel.json","Carboplatin AUC 6 and Paclitaxel 200 mg/m² Therapy","not_formally_audited","false","gfr_ml_min","(unnamed)|(unnamed)","false","transaminases_uln_multiple|bilirubin_uln_multiple","(unnamed)|(unnamed)|(unnamed)",""
"00306","nccp-00306-v7","protocols/gynaecology/00306-gemcitabine-carboplatin.json","Gemcitabine 1000 mg/m² and Carboplatin AUC 4 Therapy — 21 day","not_formally_audited","false","gfr_ml_min|haemodialysis","(unnamed)|(unnamed)|(unnamed)","false","bilirubin_micromol_l","(unnamed)",""
"00308","nccp-00308-v7","protocols/gynaecology/00308-carboplatin-auc-6-and-weekly-paclitaxel-80-mg-m-therapy.json","Carboplatin AUC 6 and Weekly Paclitaxel 80 mg/m² Therapy","not_formally_audited","false","gfr_or_crcl_ml_min","CARBO_GFR_LOW","false","alt_ast_uln_multiple|bilirubin_uln_multiple","TAXANE_LFT",""
"00309","nccp-00309-v6","protocols/lung/00309-weekly-carboplatin-auc2-and-paclitaxel-50-mg-m2-with-radiotherapy.json","Weekly Carboplatin AUC2 and Paclitaxel 50 mg/m² with Radiotherapy","not_formally_audited","true","gfr_crcl_ml_min","CARBO_GFR_20_OR_LESS|CARBO_GFR_20_30","true","bilirubin_uln_multiple|alt_ast_uln_multiple","PACLITAXEL_BILI_GT3",""
"00310","nccp-00310-v7","protocols/lung/00310-gemcitabine-carboplatin.json","Gemcitabine 1000 mg/m² and Carboplatin AUC 5 Therapy — 21 day","not_formally_audited","false","gfr_ml_min|haemodialysis","(unnamed)|(unnamed)|(unnamed)","false","bilirubin_micromol_l","(unnamed)",""
"00311","nccp-00311-v4","protocols/shared/00311-topotecan-monotherapy-5-day.json","Topotecan Monotherapy – 5 day","partial_rule_encoding","false","topotecan_renal_band","TOPO_RENAL_20_39|TOPO_RENAL_LT20|TOPO_DIALYSIS","false","","",""
"00312","nccp-00312-v5","protocols/gynaecology/00312-topotecan-monotherapy-weekly.json","Topotecan Monotherapy – Weekly","not_formally_audited","false","topotecan_renal_band","TOPO_RENAL|TOPO_RENAL_LOW","false","alt_ast_uln_multiple|bilirubin_uln_multiple","",""
"00313","nccp-00313-v5","protocols/genitourinary/00313-docetaxel-50-q14d.json","Docetaxel Monotherapy 50 mg/m² – 14 day cycle","not_formally_audited","false","","","false","hepatic_band","HEPATIC_75|HEPATIC_50|HEPATIC_STOP",""
"00314","nccp-00314-v4b","protocols/head-neck/00314-cisplatin-and-5-fluorouracil-28-day.json","Cisplatin and 5-Fluorouracil – 28 day","not_formally_audited","false","cisplatin_crcl_band","CIS_RENAL_50_59|CIS_RENAL_40_49|CIS_RENAL_LOW","false","alt_ast_uln_multiple|bilirubin_uln_multiple|bilirubin_umol_l|ast_u_l","5FU_HEPATIC|5FU_AST",""
"00315","nccp-00315-v7a","protocols/head-neck/00315-docetaxel-75-cisplatin-75-and-5-fluorouracil-1000-induction-tpf.json","Docetaxel 75, Cisplatin 75 and 5-Fluorouracil 1000 – Induction TPF","not_formally_audited","false","cisplatin_crcl_band","CIS_RENAL_50_59|CIS_RENAL_40_49|CIS_RENAL_LOW","false","alt_ast_uln_multiple|bilirubin_uln_multiple|bilirubin_umol_l|ast_u_l","5FU_HEPATIC|5FU_AST|DOC_BILI",""
"00316","nccp-00316-v6","protocols/breast/00316-ddac-paclitaxel-14-day-trastuzumab.json","Dose-dense AC followed by Paclitaxel every 14 days and Trastuzumab","not_formally_audited","false","","","false","","",""
"00317","nccp-00317-v7","protocols/lung/00317-pemetrexed-cisplatin.json","Pemetrexed 500 mg/m² and Cisplatin 75 mg/m² Therapy","not_formally_audited","false","crcl_ml_min|haemodialysis","(unnamed)|(unnamed)|(unnamed)|(unnamed)|(unnamed)","false","severe_hepatic_impairment","(unnamed)",""
"00318","nccp-00318-v6","protocols/lung/00318-pemetrexed-and-carboplatin-therapy.json","Pemetrexed and Carboplatin Therapy","partial_rule_encoding","false","gfr_crcl_ml_min|pemetrexed_renal_band","CARBO_GFR_20_OR_LESS|CARBO_GFR_20_30|PEME_RENAL_30_44|PEME_RENAL_LT30|PEME_DIALYSIS","false","","",""
"00319","nccp-00319-v5","protocols/lung/00319-carboplatin-and-oral-etoposide-therapy-21-day.json","Carboplatin and Oral Etoposide Therapy – 21 day","not_formally_audited","true","gfr_crcl_ml_min|etoposide_renal_band","CARBO_GFR_20_OR_LESS|CARBO_GFR_20_30|ETOP_RENAL_15_49|ETOP_RENAL_LT15|ETOP_DIALYSIS","true","bilirubin_uln_multiple","ETOP_BILI_HIGH",""
"00320","nccp-00320-v6","protocols/shared/00320-everolimus-monotherapy.json","Everolimus Monotherapy","partial_rule_encoding","false","","","false","alt_ast_uln_multiple|bilirubin_uln_multiple","ORAL_TARGETED_LFT_REVIEW|ORAL_TARGETED_BILIRUBIN_REVIEW",""
"00321","nccp-00321-v9","protocols/gastrointestinal/00321-xelox-capox.json","Capecitabine and Oxaliplatin Therapy (XELOX)","not_formally_audited","false","crcl_ml_min|haemodialysis","(unnamed)|(unnamed)|(unnamed)","false","bilirubin_ratio_uln|alt_ast_ratio_uln","(unnamed)",""
"00322","nccp-00322-v4","protocols/breast/00322-everolimus-exemestane.json","Everolimus and Exemestane Therapy","not_formally_audited","false","","","false","alt_grade|ast_grade|child_pugh_class","severe_hepatic_impairment_review",""
"00323","nccp-00323-v7b","protocols/head-neck/00323-docetaxel-75-cisplatin-100-and-5-fluorouracil-1000-tcf-chemoradiation.json","Docetaxel 75, Cisplatin 100 and 5-Fluorouracil 1000 (TCF) Chemoradiation","not_formally_audited","false","gfr_or_crcl_ml_min|cisplatin_crcl_band","CARBO_GFR_LE20|CIS_RENAL_50_59|CIS_RENAL_40_49|CIS_RENAL_LOW","false","alt_ast_uln_multiple|bilirubin_uln_multiple|bilirubin_umol_l|ast_u_l","5FU_HEPATIC|5FU_AST|DOC_BILI",""
"00324","nccp-00324-v6b","protocols/head-neck/00324-docetaxel-75-cisplatin-75-5-fluorouracil-750-tcf-and-radiotherapy.json","Docetaxel 75, Cisplatin 75, 5-Fluorouracil 750 (TCF) and Radiotherapy","not_formally_audited","false","cisplatin_crcl_band","CIS_RENAL_50_59|CIS_RENAL_40_49|CIS_RENAL_LOW","false","alt_ast_uln_multiple|bilirubin_uln_multiple|bilirubin_umol_l|ast_u_l","5FU_HEPATIC|5FU_AST|DOC_BILI",""
"00325","nccp-00325-v6","protocols/shared/00325-sunitinib-50-mg-therapy-42-day.json","Sunitinib 50 mg Therapy – 42 day","partial_rule_encoding","false","","","false","alt_ast_uln_multiple|bilirubin_uln_multiple","TKI_LIVER_3|TKI_LIVER_5|TKI_BILI",""
"00326","nccp-00326-v4","protocols/genitourinary/00326-temsirolimus-therapy.json","Temsirolimus Therapy","not_formally_audited","false","","","false","alt_ast_uln_multiple|bilirubin_uln_multiple","",""
"00327","nccp-00327-v5","protocols/neuroendocrine/00327-sunitinib-37-5-mg-therapy-28-day.json","Sunitinib 37.5 mg Therapy – 28 day","not_formally_audited","false","","","true","child_pugh_class","SUN327_CHILD_PUGH_C",""
"00328","nccp-00328-v7","protocols/gastrointestinal/00328-cetuximab-7-day-and-folfiri-14-day-therapy.json","Cetuximab (7 day) and FOLFIRI (14 day) Therapy","partial_rule_encoding","false","","","false","bilirubin_uln_multiple","IRINOTECAN_BILIRUBIN_OVER_3ULN",""
"00329","nccp-00329-v9","protocols/gastrointestinal/00329-folfirinox.json","FOLFIRINOX Therapy","not_formally_audited","false","haemodialysis|crcl_ml_min","(unnamed)|(unnamed)|(unnamed)|(unnamed)","false","bilirubin_ratio_uln|bilirubin_umol_l|ast_u_l|hepatic_impairment_severity","(unnamed)|(unnamed)|(unnamed)|(unnamed)|(unnamed)",""
"00330","nccp-00330-v6","protocols/gastrointestinal/00330-cetuximab-7-day-and-irinotecan-14-day-therapy.json","Cetuximab (7 day) and Irinotecan (14 day) Therapy","partial_rule_encoding","false","","","false","bilirubin_uln_multiple","IRINOTECAN_BILIRUBIN_OVER_3ULN",""
"00331","nccp-00331-v7","protocols/gastrointestinal/00331-cetuximab-14-day-and-irinotecan-14-day-therapy.json","Cetuximab (14 day) and Irinotecan (14 day) Therapy","partial_rule_encoding","false","","","false","bilirubin_uln_multiple","IRINOTECAN_BILIRUBIN_OVER_3ULN",""
"00332","nccp-00332-v4","protocols/head-neck/00332-carboplatin-auc-1-5-chemoradiation-7-day.json","Carboplatin AUC 1.5 Chemoradiation – 7 day","not_formally_audited","false","gfr_or_crcl_ml_min","CARBO_GFR_LE20","false","alt_ast_uln_multiple|bilirubin_uln_multiple","",""
"00333","nccp-00333-v5a","protocols/genitourinary/00333-dose-dense-methotrexate-vinblastine-doxorubicin-and-cisplatin-mvac-14-day.json","Dose-dense Methotrexate, Vinblastine, Doxorubicin and Cisplatin (MVAC) – 14 day","not_formally_audited","false","cisplatin_renal_band","CIS_RENAL_50|CIS_RENAL_40|CIS_RENAL_LOW","false","alt_ast_uln_multiple|bilirubin_uln_multiple","",""
"00334","nccp-00334-v4","protocols/neuro-oncology/00334-temozolomide-with-radiotherapy-and-adjuvant-therapy.json","Temozolomide with Radiotherapy and Adjuvant Therapy","not_formally_audited","false","temozolomide_renal_band","TMZ_RENAL_LT36","false","hepatic_impairment_band","TMZ_CHILD_PUGH",""
"00335","nccp-00335-v4","protocols/sarcoma/00335-imatinib-therapy-gist.json","Imatinib Therapy – GIST","partial_rule_encoding","false","","","false","alt_ast_uln_multiple|bilirubin_uln_multiple","IMAT_BILI_GT3|IMAT_TRANS_GT5",""
"00337","nccp-00337-v5","protocols/genitourinary/00337-cisplatin-methotrexate-and-vinblastine-cmv-therapy.json","Cisplatin, Methotrexate and Vinblastine (CMV) Therapy","not_formally_audited","false","cisplatin_renal_band","CIS_RENAL_50|CIS_RENAL_40|CIS_RENAL_LOW","false","alt_ast_uln_multiple|bilirubin_uln_multiple","",""
"00338","nccp-00338-v5","protocols/genitourinary/00338-methotrexate-vinblastine-doxorubicin-and-cisplatin-mvac-28-day.json","Methotrexate, Vinblastine, Doxorubicin and Cisplatin (MVAC) – 28 day","not_formally_audited","false","cisplatin_renal_band","CIS_RENAL_50|CIS_RENAL_40|CIS_RENAL_LOW","false","alt_ast_uln_multiple|bilirubin_uln_multiple","",""
"00339","nccp-00339-v7","protocols/lung/00339-vinorelbine-days-1-8-15-and-cisplatin-day-1-21-day.json","Vinorelbine Days 1, 8, 15 and Cisplatin Day 1 – 21 day","not_formally_audited","true","cisplatin_renal_band","CISPLATIN_RENAL_45_59|CISPLATIN_RENAL_LT45|CISPLATIN_RENAL_LT30|CISPLATIN_DIALYSIS","true","bilirubin_uln_multiple|alt_ast_uln_multiple","VIN_BILI_1_5_3|VIN_BILI_GT3",""
"00340","nccp-00340-v4","protocols/lung/00340-ceritinib-monotherapy.json","Ceritinib Monotherapy","partial_rule_encoding","false","","","false","alt_ast_uln_multiple|bilirubin_uln_multiple","TARGET_HEPATITIS",""
"00342","nccp-00342-v4","protocols/neuro-oncology/00342-temozolomide-recurrent-therapy.json","Temozolomide Recurrent Therapy","not_formally_audited","false","temozolomide_renal_band","TMZ_RENAL_LT36","false","hepatic_impairment_band","TMZ_CHILD_PUGH",""
"00343","nccp-00343-v7","protocols/lung/00343-vinorelbine-and-cisplatin-therapy-28-day.json","Vinorelbine and Cisplatin Therapy – 28 day","not_formally_audited","true","cisplatin_renal_band","CISPLATIN_RENAL_45_59|CISPLATIN_RENAL_LT45|CISPLATIN_RENAL_LT30|CISPLATIN_DIALYSIS","true","bilirubin_uln_multiple|alt_ast_uln_multiple","VIN_BILI_1_5_3|VIN_BILI_GT3",""
"00344","nccp-00344-v9","protocols/gastrointestinal/00344-flot-therapy-14-day.json","FLOT Therapy – 14 day","not_formally_audited","true","oxaliplatin_renal_band","OXALIPLATIN_SEVERE_RENAL|OXALIPLATIN_DIALYSIS","true","alt_ast_uln_multiple|bilirubin_uln_multiple","TAXANE_LIVER_REVIEW",""
"00348","nccp-00348-v8a","protocols/breast/00348-carbo-auc6-paclitaxel-ddac.json","Carboplatin AUC 6 and weekly Paclitaxel followed by dose-dense AC","not_formally_audited","false","crcl_ml_min|gfr_ml_min|haemodialysis","(unnamed)|(unnamed)|(unnamed)|(unnamed)|(unnamed)|(unnamed)|(unnamed)|(unnamed)","false","alt_ratio_uln|bilirubin_ratio_uln|bilirubin_umol_l|child_pugh_class","(unnamed)|(unnamed)|(unnamed)|(unnamed)|(unnamed)|(unnamed)|(unnamed)",""
"00350","nccp-00350-v3","protocols/breast/00350-pertuzumab-trastuzumab-chemotherapy.json","Pertuzumab and Trastuzumab with Chemotherapy","not_formally_audited","false","gfr_ml_min","(unnamed)|(unnamed)","false","bilirubin_abnormal|alt_ast_uln_multiple","(unnamed)|(unnamed)|(unnamed)|(unnamed)|(unnamed)|(unnamed)",""
"00353","nccp-00353-v5","protocols/lung/00353-osimertinib-monotherapy.json","Osimertinib Monotherapy","partial_rule_encoding","false","","","false","alt_ast_uln_multiple|bilirubin_uln_multiple","TARGET_HEPATITIS",""
"00361","nccp-00361-vcurrent","protocols/breast/00361-fulvestrant-monotherapy.json","Fulvestrant Monotherapy","not_formally_audited","false","","","false","alt_grade|ast_grade|child_pugh_class","severe_hepatic_impairment_review",""
"00371","nccp-00371-vcurrent","protocols/breast/00371-letrozole-monotherapy.json","Letrozole Monotherapy","not_formally_audited","false","","","false","alt_grade|ast_grade|child_pugh_class","severe_hepatic_impairment_review",""
"00372","nccp-00372-v6","protocols/lung/00372-nintedanib-therapy-with-docetaxel.json","Nintedanib Therapy with Docetaxel","partial_rule_encoding","false","","","false","bilirubin_uln_multiple|alt_ast_uln_multiple","DOCETAXEL_BILI_HIGH|NINT_LFT_3",""
"00373","nccp-00373-v3","protocols/skin/00373-cobimetinib-and-vemurafenib-therapy.json","Cobimetinib and Vemurafenib Therapy","not_formally_audited","false","","","false","alt_ast_uln_multiple|bilirubin_uln_multiple","",""
"00374","nccp-00374-v4","protocols/sarcoma/00374-trabectedin-monotherapy.json","Trabectedin Monotherapy","not_formally_audited","true","trabectedin_renal_band","HD","true","alt_ast_uln_multiple|bilirubin_uln_multiple|alp_uln_multiple|hepatic_impairment_band","BILI|ASTALT|ALP|HEP_MOD|HEP_SEV",""
"00375","nccp-00375-v6","protocols/gynaecology/00375-trabectedin-and-pegylated-liposomal-doxorubicin-therapy.json","Trabectedin and Pegylated Liposomal Doxorubicin Therapy","not_formally_audited","false","","","false","alt_ast_uln_multiple|bilirubin_uln_multiple","TRAB_LFT",""
"00376","nccp-00376-vcurrent","protocols/breast/00376-exemestane-monotherapy.json","Exemestane Monotherapy","not_formally_audited","false","","","false","alt_grade|ast_grade|child_pugh_class","severe_hepatic_impairment_review",""
"00377","nccp-00377-v6","protocols/breast/00377-cmf-oral.json","Cyclophosphamide (oral), Methotrexate and 5-Fluorouracil (CMF)","not_formally_audited","false","","","false","","",""
"00378","nccp-00378-v6","protocols/breast/00378-cmf-iv-28-day.json","Cyclophosphamide (IV), Methotrexate and 5-Fluorouracil (CMF) – 28 day","not_formally_audited","false","","","false","","",""
"00379","nccp-00379-v4","protocols/neuro-oncology/00379-procarbazine-lomustine-and-vincristine-pcv-therapy-42-day.json","Procarbazine, Lomustine and Vincristine (PCV) Therapy – 42 Day","not_formally_audited","false","lomustine_renal_band|procarbazine_renal_band","LOM_45_60|LOM_30_44|LOM_LT30|PROC_CR_GT177|PROC_RENAL_SEVERE","false","bilirubin_umol_l|ast_alt_u_l","PROC_BILI_GT50|PROC_HEPATIC_CONTRA|VIN_HEPATIC_50_A|VIN_HEPATIC_50_B|VIN_HEPATIC_OMIT",""
"00380","nccp-00380-v6","protocols/gastrointestinal/00380-ecx-epirubicin-cisplatin-and-capecitabine-therapy.json","ECX: Epirubicin, Cisplatin and Capecitabine Therapy","partial_rule_encoding","false","cisplatin_crcl_band","CISPLATIN_CRCL_45_59|CISPLATIN_CRCL_LT45|CISPLATIN_DIALYSIS","false","","",""
"00381","nccp-00381-v6","protocols/breast/00381-cmf-iv-21-day.json","Cyclophosphamide (IV), Methotrexate and 5-Fluorouracil (CMF) – 21 day","not_formally_audited","false","","","false","","",""
"00382","nccp-00382-v3","protocols/gastrointestinal/00382-trifluridine-tipiracil.json","Trifluridine and Tipiracil (Lonsurf®) Therapy","not_formally_audited","false","dialysis|crcl_ml_min","(unnamed)|(unnamed)|(unnamed)","false","bilirubin_ratio_uln|hepatic_impairment","(unnamed)|(unnamed)",""
"00383","nccp-00383-v8","protocols/gastrointestinal/00383-gemcitabine-1000-mg-m2-and-cisplatin-25-mg-m2-21-day.json","Gemcitabine 1000 mg/m² and Cisplatin 25 mg/m² – 21 day","partial_rule_encoding","false","cisplatin_crcl_band","CISPLATIN_CRCL_45_59|CISPLATIN_CRCL_LT45|CISPLATIN_DIALYSIS","false","","",""
"00384","nccp-00384-v7","protocols/gastrointestinal/00384-gemcitabine-1000-mg-m2-and-capecitabine-650-mg-m2-21-day.json","Gemcitabine 1000 mg/m² and Capecitabine 650 mg/m² – 21 day","partial_rule_encoding","false","","","false","","",""
"00385","nccp-00385-v5","protocols/gynaecology/00385-cisplatin-40-mg-m-weekly-with-radiotherapy.json","Cisplatin 40 mg/m² Weekly with Radiotherapy","not_formally_audited","false","cisplatin_renal_band","CIS_50_59|CIS_40_49|CIS_LT40","false","alt_ast_uln_multiple|bilirubin_uln_multiple","",""
"00386","nccp-00386-v4","protocols/gastrointestinal/00386-doxorubicin-60-mg-m2-therapy.json","Doxorubicin 60 mg/m² Therapy","partial_rule_encoding","false","","","false","","",""
"00387","nccp-00387-v5","protocols/head-neck/00387-cisplatin-100-mg-m-with-radiotherapy.json","Cisplatin 100 mg/m² with Radiotherapy","not_formally_audited","false","cisplatin_crcl_band","CIS_RENAL_50_59|CIS_RENAL_40_49|CIS_RENAL_LOW","false","alt_ast_uln_multiple|bilirubin_uln_multiple","",""
"00388","nccp-00388-v3","protocols/lung/00388-oral-etoposide-therapy.json","Oral Etoposide Therapy","not_formally_audited","true","etoposide_renal_band","ETOP_RENAL_15_49|ETOP_RENAL_LT15|ETOP_DIALYSIS","true","bilirubin_uln_multiple","ETOP_BILI_HIGH",""
"00391","nccp-00391-v5","protocols/sarcoma/00391-doxorubicin-60-mg-m2-and-ifosfamide-therapy.json","Doxorubicin 60 mg/m² and Ifosfamide Therapy","not_formally_audited","true","ifosfamide_renal_band","IFO_RENAL_LT50|IFO_DIALYSIS","true","bilirubin_uln_multiple","DOX_BILI_GT4_3|DOX_BILI_GT2_5|DOX_BILI_GT1",""
"00392","nccp-00392-v5","protocols/sarcoma/00392-doxorubicin-75-mg-m2-and-ifosfamide-therapy.json","Doxorubicin 75 mg/m² and Ifosfamide Therapy","not_formally_audited","true","ifosfamide_renal_band","IFO_RENAL_LT50|IFO_DIALYSIS","true","bilirubin_uln_multiple","DOX_BILI_GT4_3|DOX_BILI_GT2_5|DOX_BILI_GT1",""
"00401","nccp-00401-v6","protocols/lung/00401-alectinib-monotherapy.json","Alectinib Monotherapy","partial_rule_encoding","false","","","false","alt_ast_uln_multiple|bilirubin_uln_multiple","TARGET_HEPATITIS",""
"00414","nccp-00414-vcurrent","protocols/breast/00414-palbociclib.json","Palbociclib Therapy - 28 day","not_formally_audited","false","renal_band","(unnamed)","false","child_pugh","(unnamed)",""
"00415","nccp-00415-v4","protocols/skin/00415-trametinib-and-dabrafenib-therapy.json","Trametinib and Dabrafenib Therapy","not_formally_audited","false","","","false","alt_ast_uln_multiple|bilirubin_uln_multiple","",""
"00416","nccp-00416-v4","protocols/haemato-oncology/plasma-cell/00416-rvd-21-day.json","Bortezomib, Lenalidomide and dexamethasone (RVD) Therapy – 21 day","not_formally_audited","false","crcl_ml_min|haemodialysis","(unnamed)|(unnamed)|(unnamed)","false","bilirubin_ratio_uln","(unnamed)",""
"00417","nccp-00417-v7","protocols/head-neck/00417-cetuximab-cisplatin-100-mg-m-and-5-fluorouracil-21-day.json","Cetuximab, Cisplatin 100 mg/m² and 5-Fluorouracil – 21 day","not_formally_audited","false","cisplatin_crcl_band","CIS_RENAL_50_59|CIS_RENAL_40_49|CIS_RENAL_LOW","false","alt_ast_uln_multiple|bilirubin_uln_multiple|bilirubin_umol_l|ast_u_l","5FU_HEPATIC|5FU_AST",""
"00418","nccp-00418-v7","protocols/head-neck/00418-cetuximab-carboplatin-auc-5-and-5-fluorouracil-21-day.json","Cetuximab, Carboplatin AUC 5 and 5-Fluorouracil – 21 day","not_formally_audited","false","gfr_or_crcl_ml_min","CARBO_GFR_LE20","false","alt_ast_uln_multiple|bilirubin_uln_multiple|bilirubin_umol_l|ast_u_l","5FU_HEPATIC|5FU_AST",""
"00419","nccp-00419-v4","protocols/gynaecology/00419-carboplatin-auc-2-weekly-with-radiotherapy.json","Carboplatin AUC 2 Weekly with Radiotherapy","not_formally_audited","false","gfr_or_crcl_ml_min","CARBO_GFR_LOW","false","alt_ast_uln_multiple|bilirubin_uln_multiple","",""
"00420","nccp-00420-v4","protocols/sarcoma/00420-doxorubicin-25-mg-m2-day-and-cisplatin-100-mg-m2-therapy-21-day.json","Doxorubicin 25 mg/m²/day and Cisplatin 100 mg/m² Therapy – 21 day","not_formally_audited","true","cisplatin_renal_band","CIS_50_59|CIS_40_49|CIS_LT40|CIS_DIALYSIS","true","bilirubin_uln_multiple","DOX_BILI_GT4_3|DOX_BILI_GT2_5|DOX_BILI_GT1",""
"00421","nccp-00421-v4","protocols/gastrointestinal/00421-5-fluorouracil-continuous-infusion-and-radiotherapy.json","5-Fluorouracil Continuous Infusion and Radiotherapy","partial_rule_encoding","false","","","false","","",""
"00422","nccp-00422-v5","protocols/gastrointestinal/00422-carboplatin-auc2-and-paclitaxel-50-mg-m2-weekly-with-radiotherapy.json","Carboplatin AUC2 and Paclitaxel 50 mg/m² Weekly with Radiotherapy","not_formally_audited","true","crcl_ml_min","CARBOPLATIN_LOW_CRCL","true","alt_ast_uln_multiple|bilirubin_uln_multiple","TAXANE_LIVER_REVIEW",""
"00423","nccp-00423-vcurrent","protocols/breast/00423-at-doxorubicin-docetaxel.json","Doxorubicin 50 mg/m² and Docetaxel 75 mg/m² (AT 50/75)","not_formally_audited","false","","","false","","",""
"00427","nccp-00427-v6","protocols/gastrointestinal/00427-roswell-park-modified-5-fluorouracil-and-folinic-acid.json","Roswell Park Modified 5-Fluorouracil and Folinic Acid","partial_rule_encoding","false","","","false","","",""
"00428","nccp-00428-v6","protocols/gastrointestinal/00428-quasar-modified-5-fluorouracil-and-folinic-acid-weekly.json","QUASAR Modified 5-Fluorouracil and Folinic Acid Weekly","partial_rule_encoding","false","","","false","","",""
"00429","nccp-00429-v7a","protocols/gastrointestinal/00429-eof-epirubicin-oxaliplatin-and-5-fluorouracil-therapy.json","EOF: Epirubicin, Oxaliplatin and 5-Fluorouracil Therapy","partial_rule_encoding","false","oxaliplatin_renal_band","OXALIPLATIN_SEVERE_RENAL|OXALIPLATIN_DIALYSIS","false","","",""
"00430","nccp-00430-v6","protocols/breast/00430-gemcitabine-carboplatin.json","Gemcitabine and Carboplatin AUC2 - 21 day","not_formally_audited","false","gfr_ml_min|haemodialysis","(unnamed)|(unnamed)|(unnamed)","false","bilirubin_micromol_l","(unnamed)",""
"00431","nccp-00431-v10","protocols/skin/00431-nivolumab-1-mg-kg-and-ipilimumab-3-mg-kg-therapy.json","Nivolumab 1 mg/kg and Ipilimumab 3 mg/kg Therapy","not_formally_audited","false","creatinine_ratio_baseline_or_uln","ICI_RENAL","false","alt_ast_uln_multiple|bilirubin_uln_multiple","",""
"00432","nccp-00432-v5","protocols/breast/00432-ac-weekly-paclitaxel-trastuzumab.json","AC followed by weekly Paclitaxel and weekly Trastuzumab (AC-TH)","not_formally_audited","false","","","false","","",""
"00433","nccp-00433-v6","protocols/breast/00433-ddac-weekly-paclitaxel-trastuzumab.json","Dose-dense AC followed by weekly Paclitaxel and weekly Trastuzumab","not_formally_audited","false","","","false","","",""
"00435","nccp-00435-v3","protocols/haemato-oncology/plasma-cell/00435-bortezomib-maintenance-14-day.json","Bortezomib Maintenance Therapy – 14 day","not_formally_audited","false","crcl_ml_min|haemodialysis","(unnamed)","false","bilirubin_ratio_uln","(unnamed)",""
"00445","nccp-00445-v3","protocols/shared/00445-pazopanib-monotherapy.json","Pazopanib Monotherapy","not_formally_audited","true","pazopanib_renal_band","RENAL_LT30|RENAL_HD","true","alt_ast_uln_multiple|bilirubin_uln_multiple|recurrent_alt_after_restart","BILI_GT3|BILI_1_5_3|ALT_GT8|ALT_3_8|RECURRENT_ALT|ALT_BILI_COMBO",""
"00446","nccp-00446-v7b","protocols/gastrointestinal/00446-bevacizumab-modified-folfox6.json","Bevacizumab 5mg/kg and Modified FOLFOX-6 Therapy -14 day","not_formally_audited","false","crcl_ml_min|haemodialysis","(unnamed)|(unnamed)|(unnamed)","false","hepatic_impairment_category","(unnamed)|(unnamed)",""
"00447","nccp-00447-v6b","protocols/gastrointestinal/00447-panitumumab-modified-folfox6.json","Panitumumab 6mg/kg and Modified FOLFOX-6 Therapy -14 day","not_formally_audited","false","crcl_ml_min|haemodialysis","(unnamed)|(unnamed)|(unnamed)","false","hepatic_impairment_category","(unnamed)|(unnamed)",""
"00448","nccp-00448-v4b","protocols/gastrointestinal/00448-panitumumab-folfiri.json","Panitumumab 6mg/kg and FOLFIRI Therapy -14 day","not_formally_audited","false","crcl_ml_min|haemodialysis","(unnamed)|(unnamed)|(unnamed)","false","bilirubin_ratio_uln|bilirubin_umol_l|ast_u_l|hepatic_impairment_severity","(unnamed)|(unnamed)|(unnamed)|(unnamed)|(unnamed)",""
"00449","nccp-00449-v6a","protocols/gastrointestinal/00449-bevacizumab-folfiri.json","Bevacizumab 5mg/kg and FOLFIRI Therapy -14 day","not_formally_audited","false","crcl_ml_min|haemodialysis","(unnamed)|(unnamed)|(unnamed)","false","bilirubin_ratio_uln|bilirubin_umol_l|ast_u_l|hepatic_impairment_severity","(unnamed)|(unnamed)|(unnamed)|(unnamed)|(unnamed)",""
"00450","nccp-00450-v4c","protocols/genitourinary/00450-mitomycin-and-5-fluorouracil-with-radiotherapy.json","Mitomycin and 5-Fluorouracil with Radiotherapy","rule_level_source_reconciled","true","crcl_ml_min|renal_impairment_severity","5FU_SEVERE_RENAL_IMPAIRMENT|RENAL_DPD_PHENOTYPE_CAUTION|MITOMYCIN_CRCL_LT_10|MITOMYCIN_CRCL_EQ_10_BOUNDARY|MITOMYCIN_HIGH_DOSE_CRCL_10_TO_60","true","bilirubin_umol_l|ast_uln_multiple|ast_u_l|hepatic_impairment_severity","5FU_BILIRUBIN_GT_85|5FU_BILIRUBIN_EQ_85_BOUNDARY|5FU_AST_GT_180|5FU_AST_EQ_180_BOUNDARY|5FU_MODERATE_HEPATIC_IMPAIRMENT|5FU_SEVERE_HEPATIC_IMPAIRMENT|MITOMYCIN_AST_GT_2_ULN",""
"00451","nccp-00451-v4c","protocols/gastrointestinal/00451-5-fluorouracil-4-day-mitomycin-and-radiotherapy.json","5-Fluorouracil (4 day), Mitomycin and Radiotherapy","rule_level_source_reconciled","true","crcl_ml_min|renal_impairment_severity","5FU_SEVERE_RENAL_IMPAIRMENT|RENAL_DPD_PHENOTYPE_CAUTION|MITOMYCIN_CRCL_LT_10|MITOMYCIN_CRCL_EQ_10_BOUNDARY|MITOMYCIN_HIGH_DOSE_CRCL_10_TO_60","true","bilirubin_umol_l|ast_uln_multiple|ast_u_l|hepatic_impairment_severity","5FU_BILIRUBIN_GT_85|5FU_BILIRUBIN_EQ_85_BOUNDARY|5FU_AST_GT_180|5FU_AST_EQ_180_BOUNDARY|5FU_MODERATE_HEPATIC_IMPAIRMENT|5FU_SEVERE_HEPATIC_IMPAIRMENT|MITOMYCIN_AST_GT_2_ULN",""
"00453","nccp-00453-v3","protocols/genitourinary/00453-carboplatin-auc-7-and-etoposide-750-mg-m-therapy.json","Carboplatin AUC 7 and Etoposide 750 mg/m² Therapy","not_formally_audited","false","gfr_or_crcl_ml_min","CARBO_RENAL","false","alt_ast_uln_multiple|bilirubin_uln_multiple","",""
"00455","nccp-00455-v15b","protocols/shared/00455-pembrolizumab-200-mg-monotherapy.json","Pembrolizumab 200 mg Monotherapy","not_formally_audited","true","creatinine_ratio_baseline_or_uln","ICI_NEPHRITIS_RATIO","true","alt_ast_uln_multiple|bilirubin_uln_multiple","ICI_HEPATITIS_TRANSAMINASE|ICI_HEPATITIS_BILIRUBIN",""
"00456","nccp-00456-v4","protocols/lung/00456-cisplatin-50-mg-m2-etoposide-50-mg-m2-and-thoracic-radiotherapy-28-day.json","Cisplatin 50 mg/m², Etoposide 50 mg/m² and Thoracic Radiotherapy – 28 day","not_formally_audited","true","cisplatin_renal_band|etoposide_renal_band","CISPLATIN_RENAL_45_59|CISPLATIN_RENAL_LT45|CISPLATIN_RENAL_LT30|CISPLATIN_DIALYSIS|ETOP_RENAL_15_49|ETOP_RENAL_LT15|ETOP_DIALYSIS","true","bilirubin_uln_multiple","ETOP_BILI_HIGH",""
"00460","nccp-00460-v4","protocols/gastrointestinal/00460-cisplatin-75-mg-m2-and-5-fluorouracil-chemoradiation-herskovic.json","Cisplatin 75 mg/m² and 5-Fluorouracil Chemoradiation (Herskovic)","partial_rule_encoding","false","cisplatin_crcl_band","CISPLATIN_CRCL_45_59|CISPLATIN_CRCL_LT45|CISPLATIN_DIALYSIS","false","","",""
"00461","nccp-00461-v3","protocols/neuro-oncology/00461-temozolomide-with-radiotherapy-and-adjuvant-therapy-patients-greater-than-65-years.json","Temozolomide with Radiotherapy and Adjuvant Therapy – Patients Greater Than 65 Years","not_formally_audited","false","temozolomide_renal_band","TMZ_RENAL_LT36","false","hepatic_impairment_band","TMZ_CHILD_PUGH",""
"00462","nccp-00462-v4","protocols/sarcoma/00462-pegylated-liposomal-doxorubicin-20-mg-m2-21-day.json","Pegylated Liposomal Doxorubicin 20 mg/m² – 21 day","partial_rule_encoding","false","","","false","bilirubin_uln_multiple","PLD_BILI_GT4_3|PLD_BILI_GT2_5|PLD_BILI_GT1",""
"00463","nccp-00463-v4","protocols/sarcoma/00463-map-therapy-methotrexate-doxorubicin-and-cisplatin.json","MAP Therapy – Methotrexate, Doxorubicin and Cisplatin","not_formally_audited","true","cisplatin_renal_band|methotrexate_renal_band|creatinine_rise_percent","MAP_MTX_RENAL|MAP_CIS_RENAL","true","bilirubin_uln_multiple","MAP_DOX_BILI_GT4_35|MAP_DOX_BILI_GT2_6|MAP_DOX_BILI_GT1_75|MAP_DOX_BILI_GT1_05",""
"00464","nccp-00464-v3","protocols/skin/00464-dacarbazine-therapy.json","Dacarbazine Therapy","not_formally_audited","false","dacarbazine_renal_band","DTIC_CRCL_45_60|DTIC_CRCL_30_45|DTIC_CRCL_LT30","false","alt_ast_uln_multiple|bilirubin_uln_multiple|severe_liver_disease","DTIC_LIVER",""
"00473","nccp-00473-v6","protocols/gastrointestinal/00473-cisplatin-and-capecitabine-adjuvant-chemoradiation-therapy.json","Cisplatin and Capecitabine Adjuvant Chemoradiation Therapy","partial_rule_encoding","false","cisplatin_crcl_band","CISPLATIN_CRCL_45_59|CISPLATIN_CRCL_LT45|CISPLATIN_DIALYSIS","false","","",""
"00477","nccp-00477-v3","protocols/genitourinary/00477-goserelin-10-8mg-q12weeks.json","Goserelin 10.8 mg Therapy – 12 weeks","not_formally_audited","false","","","false","","",""
"00478","nccp-00478-v3","protocols/genitourinary/00478-goserelin-3-6mg-q28days.json","Goserelin 3.6 mg Therapy – 28 day","not_formally_audited","false","","","false","","",""
"00479","nccp-00479-v3","protocols/genitourinary/00479-leuprorelin-22-5mg-q12weeks.json","Leuprorelin 22.5 mg Therapy – 12 weeks","not_formally_audited","false","","","false","","",""
"00480","nccp-00480-v3","protocols/genitourinary/00480-triptorelin-11-25mg-q12weeks.json","Triptorelin 11.25 mg Therapy – 12 weeks","not_formally_audited","false","","","false","","",""
"00481","nccp-00481-v3","protocols/genitourinary/00481-degarelix.json","Degarelix Therapy","not_formally_audited","false","","","false","","",""
"00482","nccp-00482-v3","protocols/genitourinary/00482-bicalutamide.json","Bicalutamide Therapy","not_formally_audited","false","","","false","hepatic_impairment","SEVERE_HEPATIC",""
"00483","nccp-00483-v13a","protocols/shared/00483-nivolumab-monotherapy-14-day.json","Nivolumab Monotherapy – 14 day","not_formally_audited","true","creatinine_ratio_baseline_or_uln","ICI_NEPHRITIS_RATIO","true","alt_ast_uln_multiple|bilirubin_uln_multiple","ICI_HEPATITIS_TRANSAMINASE|ICI_HEPATITIS_BILIRUBIN",""
"00484","nccp-00484-v13a","protocols/shared/00484-nivolumab-monotherapy-28-day.json","Nivolumab Monotherapy – 28 day","not_formally_audited","true","creatinine_ratio_baseline_or_uln","ICI_NEPHRITIS_RATIO","true","alt_ast_uln_multiple|bilirubin_uln_multiple","ICI_HEPATITIS_TRANSAMINASE|ICI_HEPATITIS_BILIRUBIN",""
"00485","nccp-00485-v6","protocols/breast/00485-dose-dense-ac-weekly-paclitaxel.json","Dose-dense AC followed by weekly Paclitaxel","not_formally_audited","false","","","false","","",""
"00486","nccp-00486-v8","protocols/gastrointestinal/00486-flox-therapy.json","FLOX Therapy","partial_rule_encoding","false","oxaliplatin_renal_band","OXALIPLATIN_SEVERE_RENAL|OXALIPLATIN_DIALYSIS","false","","",""
"00488","nccp-00488-v3","protocols/genitourinary/00488-triptorelin-22-5mg-q24weeks.json","Triptorelin 22.5 mg Therapy – 24 weeks","not_formally_audited","false","","","false","","",""
"00489","nccp-00489-v3","protocols/genitourinary/00489-triptorelin-3mg-q28days.json","Triptorelin 3 mg Therapy – 28 day","not_formally_audited","false","","","false","","",""
"00490","nccp-00490-v3","protocols/genitourinary/00490-leuprorelin-7-5mg-q28days.json","Leuprorelin 7.5 mg Therapy – 28 day","not_formally_audited","false","","","false","","",""
"00491","nccp-00491-v3","protocols/genitourinary/00491-leuprorelin-45mg-q24weeks.json","Leuprorelin 45 mg Therapy – 24 weeks","not_formally_audited","false","","","false","","",""
"00492","nccp-00492-v3","protocols/genitourinary/00492-leuprorelin-11-25mg-q12weeks.json","Leuprorelin 11.25 mg Therapy – 12 weeks","not_formally_audited","false","","","false","","",""
"00493","nccp-00493-v3","protocols/genitourinary/00493-leuprorelin-30mg-q24weeks.json","Leuprorelin 30 mg Therapy – 24 weeks","not_formally_audited","false","","","false","","",""
"00494","nccp-00494-v3","protocols/genitourinary/00494-leuprorelin-3-75mg-q28days.json","Leuprorelin 3.75 mg Therapy – 28 day","not_formally_audited","false","","","false","","",""
"00499","nccp-00499-v8","protocols/gynaecology/00499-gemcitabine-1000-mg-m-carboplatin-auc-4-and-bevacizumab-15-mg-kg-therapy-21-day.json","Gemcitabine 1000 mg/m², Carboplatin AUC 4 and Bevacizumab 15 mg/kg Therapy – 21 day","not_formally_audited","false","gfr_or_crcl_ml_min","CARBO_GFR_LOW","false","alt_ast_uln_multiple|bilirubin_uln_multiple","",""
"00500","nccp-00500-v3","protocols/sarcoma/00500-doxorubicin-75-mg-m2-monotherapy.json","Doxorubicin 75 mg/m² Monotherapy","not_formally_audited","true","doxorubicin_renal_band","DOX_HD","true","bilirubin_uln_multiple","DOX_BILI_GT4_3|DOX_BILI_GT2_5|DOX_BILI_GT1",""
"00501","nccp-00501-v4","protocols/sarcoma/00501-gemcitabine-and-docetaxel-therapy-21-day.json","Gemcitabine and Docetaxel Therapy – 21 day","partial_rule_encoding","false","","","false","alt_ast_uln_multiple|bilirubin_uln_multiple|bilirubin_actual_umol_l|alp_uln_multiple","DOC_HEPATIC_NOT_REC|DOC_HEPATIC_50|GEM_BILI_27",""
"00502","nccp-00502-v4","protocols/gastrointestinal/00502-trastuzumab-5-fluorouracil-and-cisplatin-therapy-21-day.json","Trastuzumab, 5-Fluorouracil and Cisplatin Therapy – 21 day","partial_rule_encoding","false","cisplatin_crcl_band","CISPLATIN_CRCL_45_59|CISPLATIN_CRCL_LT45|CISPLATIN_DIALYSIS","false","","",""
"00504","nccp-00504-v2","protocols/sarcoma/00504-irinotecan-and-temozolomide-therapy-21-day.json","Irinotecan and Temozolomide Therapy – 21 day","not_formally_audited","true","irinotecan_renal_band|temozolomide_renal_band","IRI_CRCL_LT10|IRI_DIALYSIS","true","bilirubin_uln_multiple","IRI_BILI_GT3",""
"00505","nccp-00505-v5","protocols/gastrointestinal/00505-capecitabine-and-temozolomide-therapy.json","Capecitabine and Temozolomide Therapy","partial_rule_encoding","false","","","false","","",""
"00507","nccp-00507-v6","protocols/breast/00507-pertuzumab-trastuzumab-paclitaxel.json","Pertuzumab, Trastuzumab and Weekly Paclitaxel - 21 day","not_formally_audited","false","","","false","severe_hepatic_impairment|alt_ratio_uln|bilirubin_ratio_uln","(unnamed)|(unnamed)|(unnamed)|(unnamed)|(unnamed)",""
"00509","nccp-00509-v6","protocols/gastrointestinal/00509-modified-folfox-6-chemoradiation-therapy-14-day.json","Modified FOLFOX-6 Chemoradiation Therapy – 14 day","partial_rule_encoding","false","oxaliplatin_renal_band","OXALIPLATIN_SEVERE_RENAL|OXALIPLATIN_DIALYSIS","false","","",""
"00511","nccp-00511-v2","protocols/sarcoma/00511-dacarbazine-1-2-g-m2-therapy-21-day.json","Dacarbazine 1.2 g/m² Therapy – 21 day","partial_rule_encoding","false","dacarbazine_renal_band","DAC_CRCL_45_60|DAC_CRCL_30_44|DAC_CRCL_LT30|DAC_DIALYSIS","false","","",""
"00512","nccp-00512-v5","protocols/breast/00512-paclitaxel-trastuzumab-weekly.json","Paclitaxel 80 mg/m² and Trastuzumab Therapy – 7 day (12 weeks)","not_formally_audited","false","egfr","","false","bilirubin_uln_multiple|alt_uln_multiple","",""
"00514","nccp-00514-v3","protocols/head-neck/00514-gemcitabine-1250-mg-m-monotherapy-21-day.json","Gemcitabine 1250 mg/m² Monotherapy – 21 day","not_formally_audited","false","gemcitabine_crcl_band","GEM_RENAL_LT30","false","alt_ast_uln_multiple|bilirubin_uln_multiple","",""
"00515","nccp-00515-v7","protocols/gastrointestinal/00515-modified-folfirinox.json","FOLFIRINOX Modified Therapy","not_formally_audited","false","haemodialysis|crcl_ml_min","(unnamed)|(unnamed)|(unnamed)|(unnamed)","false","bilirubin_ratio_uln|bilirubin_umol_l|ast_u_l|hepatic_impairment_severity","(unnamed)|(unnamed)|(unnamed)|(unnamed)|(unnamed)",""
"00517","nccp-00517-v2","protocols/head-neck/00517-gemcitabine-1250-mg-m-and-cisplatin-80-mg-m-21-day.json","Gemcitabine 1250 mg/m² and Cisplatin 80 mg/m² – 21 day","not_formally_audited","false","cisplatin_crcl_band|gemcitabine_crcl_band","CIS_RENAL_50_59|CIS_RENAL_40_49|CIS_RENAL_LOW|GEM_RENAL_LT30","false","alt_ast_uln_multiple|bilirubin_uln_multiple","",""
"00518","nccp-00518-v2","protocols/genitourinary/00518-cabozantinib-monotherapy.json","Cabozantinib Monotherapy","not_formally_audited","false","","","false","alt_ast_uln_multiple|bilirubin_uln_multiple","",""
"00521","nccp-00521-v3","protocols/gastrointestinal/00521-gemcitabine-1000-mg-m2-and-radiotherapy.json","Gemcitabine 1000 mg/m² and Radiotherapy","partial_rule_encoding","false","","","false","","",""
"00522","nccp-00522-v4","protocols/gastrointestinal/00522-gemcitabine-400-mg-m2-and-radiotherapy.json","Gemcitabine 400 mg/m² and Radiotherapy","partial_rule_encoding","false","","","false","","",""
"00523","nccp-00523-v5","protocols/gastrointestinal/00523-capecitabine-and-radiotherapy-7-day.json","Capecitabine and Radiotherapy – 7 day","partial_rule_encoding","false","","","false","","",""
"00524","nccp-00524-v5","protocols/gastrointestinal/00524-gemcitabine-1000-mg-m2-and-capecitabine-830-mg-m2-28-day.json","Gemcitabine 1000 mg/m² and Capecitabine 830 mg/m² – 28 day","partial_rule_encoding","false","","","false","","",""
"00525","nccp-00525-vcurrent","protocols/breast/00525-ribociclib-metastatic.json","Ribociclib Therapy (Metastatic) - 28 day","not_formally_audited","false","renal_band","(unnamed)|(unnamed)","false","child_pugh|ast_alt_grade|bilirubin_elevated","(unnamed)|(unnamed)",""
"00526","nccp-00526-v5","protocols/breast/00526-pertuzumab-trastuzumab-vinorelbine.json","Pertuzumab, Trastuzumab and Vinorelbine - 21 day","not_formally_audited","false","","","false","hepatic_impairment","(unnamed)",""
"00535","nccp-00535-v6b","protocols/genitourinary/00535-avelumab-monotherapy.json","Avelumab Monotherapy","not_formally_audited","false","creatinine_ratio_baseline_or_uln","ICI_RENAL","false","alt_ast_uln_multiple|bilirubin_uln_multiple","",""
"00544","nccp-00544-v14","protocols/lung/00544-atezolizumab-1200-mg-monotherapy-21-day.json","Atezolizumab 1200 mg Monotherapy – 21 day","not_formally_audited","true","creatinine_ratio_baseline_or_uln","ICI_RENAL_G2|ICI_RENAL_G3","true","alt_ast_uln_multiple|bilirubin_uln_multiple","ICI_HEPATITIS_WITHHOLD|ICI_HEPATITIS_STOP|ICI_BILI_WITHHOLD",""
"00545","nccp-00545-v3","protocols/breast/00545-zoledronic-acid-adjuvant.json","Zoledronic Acid Monotherapy","not_formally_audited","false","crcl|baseline_creatinine|current_creatinine","(unnamed)|(unnamed)|(unnamed)|(unnamed)","false","","",""
"00546","nccp-00546-v3","protocols/genitourinary/00546-docetaxel-prednisolone.json","Docetaxel 75 mg/m² – Prednisolone Combination Therapy","not_formally_audited","false","","","false","hepatic_band","HEPATIC_75|HEPATIC_50|HEPATIC_STOP",""
"00551","nccp-00551-v7","protocols/shared/00551-nivolumab-3-mg-kg-with-ipilimumab-1-mg-kg-therapy.json","Nivolumab 3 mg/kg with Ipilimumab 1 mg/kg Therapy","not_formally_audited","true","creatinine_ratio_baseline_or_uln","ICI_NEPHRITIS_RATIO","true","alt_ast_uln_multiple|bilirubin_uln_multiple","ICI_HEPATITIS_TRANSAMINASE|ICI_HEPATITIS_BILIRUBIN",""
"00552","nccp-00552-v6","protocols/head-neck/00552-carboplatin-auc-5-and-5-fluorouracil-1000-mg-m-day-28-day.json","Carboplatin AUC 5 and 5-Fluorouracil 1000 mg/m²/day – 28 day","not_formally_audited","false","gfr_or_crcl_ml_min","CARBO_GFR_LE20","false","alt_ast_uln_multiple|bilirubin_uln_multiple|bilirubin_umol_l|ast_u_l","5FU_HEPATIC|5FU_AST",""
"00554","nccp-00554-v2","protocols/sarcoma/00554-vinblastine-and-methotrexate-therapy.json","Vinblastine and Methotrexate Therapy","not_formally_audited","true","methotrexate_renal_band","MTX_CRCL_60_80|MTX_CRCL_45_59|MTX_CRCL_30_44|MTX_CRCL_LT30|MTX_HD","true","bilirubin_uln_multiple|methotrexate_hepatic_band|vinblastine_hepatic_band","MTX_HEP_MOD|MTX_HEP_SEV|VBL_HEP_HALF|VBL_HEP_OMIT",""
"00555","nccp-00555-v6b","protocols/gastrointestinal/00555-folfoxiri.json","FOLFOXIRI Therapy","not_formally_audited","false","crcl_ml_min","(unnamed)|(unnamed)","false","hepatic_impairment_severity|bilirubin_umol_l|ast_u_l|bilirubin_ratio_uln","(unnamed)|(unnamed)",""
"00558","nccp-00558-v12b","protocols/shared/00558-pembrolizumab-400mg-monotherapy.json","Pembrolizumab 400 mg Monotherapy","not_formally_audited","false","creatinine_ratio_baseline_or_uln","(unnamed)|(unnamed)","false","alt_ast_uln_multiple|bilirubin_uln_multiple|liver_metastases_baseline_grade2|ast_alt_increase_50_percent_for_week","(unnamed)|(unnamed)",""
"00559","nccp-00559-v3","protocols/gastrointestinal/00559-gemcitabine-600-mg-m2-and-radiotherapy.json","Gemcitabine 600 mg/m² and Radiotherapy","partial_rule_encoding","false","","","false","","",""
"00561","nccp-00561-v4","protocols/lung/00561-carboplatin-auc3-etoposide-50-mg-m2-and-thoracic-radiotherapy-28-day.json","Carboplatin AUC3, Etoposide 50 mg/m² and Thoracic Radiotherapy – 28 day","not_formally_audited","true","gfr_crcl_ml_min|etoposide_renal_band","CARBO_GFR_20_OR_LESS|CARBO_GFR_20_30|ETOP_RENAL_15_49|ETOP_RENAL_LT15|ETOP_DIALYSIS","true","bilirubin_uln_multiple","ETOP_BILI_HIGH",""
"00562","nccp-00562-v3","protocols/lung/00562-brigatinib-therapy.json","Brigatinib Therapy","partial_rule_encoding","false","","","false","alt_ast_uln_multiple|bilirubin_uln_multiple","TARGET_HEPATITIS",""
"00563","nccp-00563-v3","protocols/skin/00563-encorafenib-and-binimetinib-therapy.json","Encorafenib and Binimetinib Therapy","not_formally_audited","false","","","false","alt_ast_uln_multiple|bilirubin_uln_multiple","",""
"00564","nccp-00564-v3","protocols/genitourinary/00564-tivozanib-monotherapy.json","Tivozanib Monotherapy","not_formally_audited","false","","","false","alt_ast_uln_multiple|bilirubin_uln_multiple","",""
"00565","nccp-00565-v3","protocols/lung/00565-dacomitinib-monotherapy.json","Dacomitinib Monotherapy","partial_rule_encoding","false","","","false","alt_ast_uln_multiple|bilirubin_uln_multiple","TARGET_HEPATITIS",""
"00568","nccp-00568-v5","protocols/lung/00568-pembrolizumab-pemetrexed-and-carboplatin-auc5-therapy.json","Pembrolizumab, Pemetrexed and Carboplatin AUC5 Therapy","not_formally_audited","true","gfr_crcl_ml_min|pemetrexed_renal_band|creatinine_ratio_baseline_or_uln","CARBO_GFR_20_OR_LESS|CARBO_GFR_20_30|PEME_RENAL_30_44|PEME_RENAL_LT30|PEME_DIALYSIS|ICI_RENAL_G2|ICI_RENAL_G3","true","alt_ast_uln_multiple|bilirubin_uln_multiple","ICI_HEPATITIS_WITHHOLD|ICI_HEPATITIS_STOP|ICI_BILI_WITHHOLD",""
"00569","nccp-00569-v5","protocols/lung/00569-pembrolizumab-pemetrexed-and-cisplatin-therapy.json","Pembrolizumab, Pemetrexed and Cisplatin Therapy","not_formally_audited","true","cisplatin_renal_band|pemetrexed_renal_band|creatinine_ratio_baseline_or_uln","CISPLATIN_RENAL_45_59|CISPLATIN_RENAL_LT45|CISPLATIN_RENAL_LT30|CISPLATIN_DIALYSIS|PEME_RENAL_30_44|PEME_RENAL_LT30|PEME_DIALYSIS|ICI_RENAL_G2|ICI_RENAL_G3","true","alt_ast_uln_multiple|bilirubin_uln_multiple","ICI_HEPATITIS_WITHHOLD|ICI_HEPATITIS_STOP|ICI_BILI_WITHHOLD",""
"00570","nccp-00570-v3","protocols/lung/00570-lorlatinib-therapy.json","Lorlatinib Therapy","partial_rule_encoding","false","","","false","alt_ast_uln_multiple|bilirubin_uln_multiple","TARGET_HEPATITIS",""
"00574","nccp-00574-v4","protocols/genitourinary/00574-apalutamide.json","Apalutamide Therapy","not_formally_audited","false","renal_band","RENAL_SEVERE","false","child_pugh","CHILD_C",""
"00576","nccp-00576-v5","protocols/lung/00576-durvalumab-monotherapy-10-mg-kg-14-day.json","Durvalumab Monotherapy 10 mg/kg – 14 day","not_formally_audited","true","creatinine_ratio_baseline_or_uln","ICI_RENAL_G2|ICI_RENAL_G3","true","alt_ast_uln_multiple|bilirubin_uln_multiple","ICI_HEPATITIS_WITHHOLD|ICI_HEPATITIS_STOP|ICI_BILI_WITHHOLD",""
"00577","nccp-00577-v3","protocols/genitourinary/00577-abiraterone-prednisolone-mhspc.json","Abiraterone and prednisolone Therapy (mHSPC)","not_formally_audited","false","creatinine_below_1_5_uln","CREATININE_ELIGIBILITY","false","bilirubin_uln_multiple|alt_ast_uln_multiple|alp_u_l|child_pugh|active_hepatitis_or_chronic_liver_disease","BILIRUBIN_ELIGIBILITY|TRANSAMINASE_ELIGIBILITY|ALP_ELIGIBILITY|CHILD_PUGH_B|CHILD_PUGH_C|HEPATITIS_EXCLUSION",""
"00579","nccp-00579-v5a","protocols/lung/00579-pembrolizumab-paclitaxel-and-carboplatin-auc6-therapy.json","Pembrolizumab, Paclitaxel and Carboplatin AUC6 Therapy","not_formally_audited","true","gfr_crcl_ml_min|creatinine_ratio_baseline_or_uln","CARBO_GFR_20_OR_LESS|CARBO_GFR_20_30|ICI_RENAL_G2|ICI_RENAL_G3","true","bilirubin_uln_multiple|alt_ast_uln_multiple","PACLITAXEL_BILI_GT3|ICI_HEPATITIS_WITHHOLD|ICI_HEPATITIS_STOP|ICI_BILI_WITHHOLD",""
"00583","nccp-00583-v3b","protocols/genitourinary/00583-pembrolizumab-200-mg-and-axitinib-therapy.json","Pembrolizumab 200 mg and Axitinib Therapy","not_formally_audited","false","creatinine_ratio_baseline_or_uln","ICI_RENAL","false","alt_ast_uln_multiple|bilirubin_uln_multiple","",""
"00585","nccp-00585-v5b","protocols/gastrointestinal/00585-cetuximab-14-day-and-folfiri-14-day-therapy.json","Cetuximab (14 day) and FOLFIRI (14 day) Therapy","partial_rule_encoding","false","","","false","bilirubin_uln_multiple","IRINOTECAN_BILIRUBIN_OVER_3ULN",""
"00586","nccp-00586-v3","protocols/gastrointestinal/00586-capecitabine-825-mg-m2-and-radiotherapy-7-day.json","Capecitabine 825 mg/m² and Radiotherapy – 7 day","partial_rule_encoding","false","","","false","","",""
"00587","nccp-00587-v2","protocols/lung/00587-topotecan-oral-monotherapy.json","Topotecan Oral Monotherapy","partial_rule_encoding","false","topotecan_renal_band","TOPO_RENAL_20_39|TOPO_RENAL_LT20|TOPO_DIALYSIS","false","","",""
"00588","nccp-00588-v5b","protocols/shared/00588-olaparib-tablet-monotherapy.json","Olaparib (Tablet) Monotherapy","not_formally_audited","false","crcl_ml_min|haemodialysis","(unnamed)|(unnamed)|(unnamed)|(unnamed)","false","child_pugh_class","(unnamed)|(unnamed)|(unnamed)",""
"00589","nccp-00589-v4","protocols/head-neck/00589-carboplatin-70-mg-m-and-5-fluorouracil-600-mg-m-with-radiotherapy.json","Carboplatin 70 mg/m² and 5-Fluorouracil 600 mg/m² with Radiotherapy","not_formally_audited","false","gfr_or_crcl_ml_min","CARBO_GFR_LE20","false","alt_ast_uln_multiple|bilirubin_uln_multiple|bilirubin_umol_l|ast_u_l","5FU_HEPATIC|5FU_AST",""
"00591","nccp-00591-v3","protocols/head-neck/00591-carboplatin-auc-4-and-5-fluorouracil-600-mg-m-with-radiotherapy.json","Carboplatin AUC 4 and 5-Fluorouracil 600 mg/m² with Radiotherapy","not_formally_audited","false","gfr_or_crcl_ml_min","CARBO_GFR_LE20","false","alt_ast_uln_multiple|bilirubin_uln_multiple|bilirubin_umol_l|ast_u_l","5FU_HEPATIC|5FU_AST",""
"00592","nccp-00592-v3","protocols/shared/00592-atezolizumab-840-mg-monotherapy-14-day.json","Atezolizumab 840 mg Monotherapy – 14 day","not_formally_audited","true","creatinine_ratio_baseline_or_uln","ICI_RENAL_G2|ICI_RENAL_G3","true","alt_ast_uln_multiple|bilirubin_uln_multiple","ICI_HEPATITIS_WITHHOLD|ICI_HEPATITIS_STOP|ICI_BILI_WITHHOLD",""
"00593","nccp-00593-v10a","protocols/lung/00593-atezolizumab-maintenance.json","Atezolizumab 1680 mg Monotherapy – 28 day","not_formally_audited","false","creatinine_ratio_baseline_or_uln","(unnamed)|(unnamed)","false","alt_ast_uln_multiple|bilirubin_uln_multiple","(unnamed)|(unnamed)",""
"00594","nccp-00594-v3b","protocols/gastrointestinal/00594-cisplatin-5-fluorouracil-and-radiation-therapy.json","Cisplatin, 5-Fluorouracil and Radiation Therapy","partial_rule_encoding","false","cisplatin_crcl_band","CISPLATIN_CRCL_45_59|CISPLATIN_CRCL_LT45|CISPLATIN_DIALYSIS","false","","",""
"00596","nccp-00596-v2","protocols/sarcoma/00596-ifosfamide-and-etoposide-ie-therapy.json","Ifosfamide and Etoposide (IE) Therapy","not_formally_audited","true","ifosfamide_renal_band|etoposide_renal_band","ETO_CRCL_10_50|ETO_HD|IFO_RENAL_LT50|IFO_DIALYSIS","true","bilirubin_uln_multiple|etoposide_hepatic_band","ETO_HEP_MOD|ETO_HEP_SEV",""
"00601","nccp-00601-v3","protocols/haemato-oncology/plasma-cell/00601-pomalidomide-bortezomib-dexamethasone.json","Pomalidomide, Bortezomib and Dexamethasone (PVD)","not_formally_audited","false","crcl_ml_min|haemodialysis","(unnamed)|(unnamed)","false","bilirubin_ratio_uln|child_pugh_class","(unnamed)|(unnamed)|(unnamed)",""
"00602","nccp-00602-v1","protocols/genitourinary/00602-paclitaxel-ifosfamide-and-cisplatin-tip-therapy.json","Paclitaxel, Ifosfamide and Cisplatin (TIP) Therapy","not_formally_audited","false","cisplatin_renal_band","CIS_RENAL_50|CIS_RENAL_40|CIS_RENAL_LOW","false","alt_ast_uln_multiple|bilirubin_uln_multiple","",""
"00604","nccp-00604-v2d","protocols/haemato-oncology/plasma-cell/00604-daratumumab-sc-monotherapy.json","Daratumumab SC Monotherapy","not_formally_audited","false","crcl_ml_min|haemodialysis","(unnamed)","false","bilirubin_ratio_uln","(unnamed)",""
"00605","nccp-00605-v2","protocols/breast/00605-talazoparib.json","Talazoparib Therapy","not_formally_audited","false","crcl","(unnamed)|(unnamed)|(unnamed)","false","bilirubin_uln|ast_uln","",""
"00609","nccp-00609-v4","protocols/haemato-oncology/plasma-cell/00609-daratumumab-sc-bortezomib-dexamethasone.json","Daratumumab SC, Bortezomib and Dexamethasone","not_formally_audited","false","crcl_ml_min|haemodialysis","(unnamed)|(unnamed)","false","bilirubin_ratio_uln","(unnamed)|(unnamed)",""
"00614","nccp-00614-v4","protocols/lung/00614-carboplatin-and-vinorelbine-therapy-21-day.json","Carboplatin and Vinorelbine Therapy – 21 day","not_formally_audited","true","gfr_crcl_ml_min","CARBO_GFR_20_OR_LESS|CARBO_GFR_20_30","true","bilirubin_uln_multiple|alt_ast_uln_multiple","VIN_BILI_1_5_3|VIN_BILI_GT3",""
"00615","nccp-00615-v2","protocols/head-neck/00615-cyclophosphamide-doxorubicin-and-cisplatin-21-day.json","Cyclophosphamide, Doxorubicin and Cisplatin – 21 day","not_formally_audited","false","cisplatin_crcl_band","CIS_RENAL_50_59|CIS_RENAL_40_49|CIS_RENAL_LOW","false","alt_ast_uln_multiple|bilirubin_uln_multiple","",""
"00619","nccp-00619-vcurrent","protocols/breast/00619-abemaciclib-adjuvant.json","Abemaciclib with endocrine therapy – adjuvant","not_formally_audited","false","renal_band","(unnamed)","false","alt_grade|ast_grade|child_pugh_class","(unnamed)|(unnamed)",""
"00620","nccp-00620-v2","protocols/gynaecology/00620-bevacizumab-7-5-mg-kg-carboplatin-auc-5-and-paclitaxel-175-mg-m-therapy.json","Bevacizumab 7.5 mg/kg, Carboplatin AUC 5 and Paclitaxel 175 mg/m² Therapy","not_formally_audited","false","gfr_or_crcl_ml_min","CARBO_GFR_LOW","false","alt_ast_uln_multiple|bilirubin_uln_multiple","TAXANE_LFT",""
"00621","nccp-00621-v9","protocols/breast/00621-paclitaxel-weekly-3-of-4.json","Paclitaxel 80 mg/m² Days 1, 8 and 15 – 28 day","not_formally_audited","false","","","false","severe_hepatic_impairment|alt_ratio_uln|bilirubin_ratio_uln","(unnamed)|(unnamed)|(unnamed)|(unnamed)|(unnamed)",""
"00622","nccp-00622-v3","protocols/genitourinary/00622-gemcitabine-and-cisplatin-35-mg-m-21-day.json","Gemcitabine and Cisplatin 35 mg/m² – 21 day","not_formally_audited","false","cisplatin_renal_band","CIS_RENAL_50|CIS_RENAL_40|CIS_RENAL_LOW","false","alt_ast_uln_multiple|bilirubin_uln_multiple","",""
"00623","nccp-00623-v3a","protocols/gastrointestinal/00623-bevacizumab-7-5-mg-kg-and-capecitabine-1250-mg-m2-therapy.json","Bevacizumab 7.5 mg/kg and Capecitabine 1250 mg/m² Therapy","partial_rule_encoding","false","","","false","","",""
"00624","nccp-00624-v3","protocols/gynaecology/00624-carboplatin-pegylated-liposomal-doxorubicin.json","Carboplatin AUC 5 and Pegylated Liposomal Doxorubicin 30 mg/m² Therapy — 28 day","not_formally_audited","false","gfr_ml_min","(unnamed)|(unnamed)","false","bilirubin_micromol_l","(unnamed)|(unnamed)",""
"00628","nccp-00628-v3","protocols/genitourinary/00628-gemcitabine-and-cisplatin-70-mg-m-21-day.json","Gemcitabine and Cisplatin 70 mg/m² – 21 day","not_formally_audited","false","cisplatin_renal_band","CIS_RENAL_50|CIS_RENAL_40|CIS_RENAL_LOW","false","alt_ast_uln_multiple|bilirubin_uln_multiple","",""
"00642","nccp-00642-v2","protocols/gastrointestinal/00642-lutetium-177-oxodotreotide-lutathera-therapy.json","Lutetium-177 Oxodotreotide (Lutathera) Therapy","partial_rule_encoding","false","renal_band","LUTATHERA_RENAL_30_49|LUTATHERA_RENAL_LT30|LUTATHERA_DIALYSIS","false","","",""
"00643","nccp-00643-v3","protocols/haemato-oncology/plasma-cell/00643-rvd-28-day.json","Bortezomib, Lenalidomide and dexamethasone (RVD) Therapy – 28 day","not_formally_audited","false","crcl_ml_min|haemodialysis","(unnamed)|(unnamed)|(unnamed)","false","bilirubin_ratio_uln","(unnamed)",""
"00644","nccp-00644-v2","protocols/gastrointestinal/00644-lenvatinib-therapy-hcc.json","Lenvatinib Therapy – HCC","partial_rule_encoding","false","","","false","alt_ast_uln_multiple|bilirubin_uln_multiple","ORAL_TARGETED_LFT_REVIEW|ORAL_TARGETED_BILIRUBIN_REVIEW",""
"00654","nccp-00654-v2","protocols/gastrointestinal/00654-irinotecan-150-mg-m2-monotherapy-28-day.json","Irinotecan 150 mg/m² Monotherapy – 28 day","partial_rule_encoding","false","","","false","bilirubin_uln_multiple","IRINOTECAN_BILIRUBIN_OVER_3ULN",""
"00655","nccp-00655-v3a","protocols/lung/00655-durvalumab-maintenance.json","Durvalumab 1500 mg Monotherapy – 28 day","not_formally_audited","false","creatinine_ratio_baseline_or_uln","(unnamed)|(unnamed)","false","alt_ast_uln_multiple|bilirubin_uln_multiple","(unnamed)|(unnamed)",""
"00658","nccp-00658-v2","protocols/neuro-oncology/00658-procarbazine-lomustine-and-vincristine-pcv-therapy-56-day.json","Procarbazine, Lomustine and Vincristine (PCV) Therapy – 56 Day","not_formally_audited","false","lomustine_renal_band|procarbazine_renal_band","LOM_45_60|LOM_30_44|LOM_LT30|PROC_CR_GT177|PROC_RENAL_SEVERE","false","bilirubin_umol_l|ast_alt_u_l","PROC_BILI_GT50|PROC_HEPATIC_CONTRA|VIN_HEPATIC_50_A|VIN_HEPATIC_50_B|VIN_HEPATIC_OMIT",""
"00659","nccp-00659-v2","protocols/breast/00659-t-dm1-early-breast.json","Trastuzumab Emtansine (Kadcyla®) Early Breast Cancer Therapy - 21 days","not_formally_audited","false","","","false","ast_alt_grade|bilirubin_grade","(unnamed)",""
"00660","nccp-00660-v2b","protocols/gastrointestinal/00660-5fu-folinic-acid.json","5-Fluorouracil and Folinic Acid Therapy - 14 day","not_formally_audited","false","crcl_ml_min","","false","hepatic_impairment_severity|bilirubin_umol_l|ast_u_l","(unnamed)|(unnamed)|(unnamed)",""
"00675","nccp-00675-v2","protocols/sarcoma/00675-ie-vac-therapy-two-weekly-intervals.json","IE–VAC Therapy – Two Weekly Intervals","not_formally_audited","true","ifosfamide_renal_band|etoposide_renal_band","ETO_CRCL_10_50|ETO_HD|IFO_RENAL_LT50|IFO_DIALYSIS","true","bilirubin_uln_multiple|etoposide_hepatic_band","ETO_HEP_MOD|ETO_HEP_SEV",""
"00676","nccp-00676-v3","protocols/gynaecology/00676-cisplatin-50-mg-m-chemoradiation-followed-by-carboplatin-auc-5-and-paclitaxel-175-mg-m.json","Cisplatin 50 mg/m² Chemoradiation followed by Carboplatin AUC 5 and Paclitaxel 175 mg/m²","not_formally_audited","false","gfr_or_crcl_ml_min|cisplatin_renal_band","CARBO_GFR_LOW|CIS_50_59|CIS_40_49|CIS_LT40","false","alt_ast_uln_multiple|bilirubin_uln_multiple","TAXANE_LFT",""
"00680","nccp-00680-v2","protocols/sarcoma/00680-high-dose-ifosfamide-therapy-21-day.json","High Dose Ifosfamide Therapy – 21 day","partial_rule_encoding","false","ifosfamide_renal_band","IFO_RENAL_LT50|IFO_DIALYSIS","false","","",""
"00688","nccp-00688-v2a","protocols/breast/00688-atezolizumab-nab-paclitaxel.json","Atezolizumab and nab-Paclitaxel","not_formally_audited","false","creatinine_ratio_baseline_or_uln","(unnamed)|(unnamed)","false","alt_ast_uln_multiple|bilirubin_uln_multiple","(unnamed)|(unnamed)",""
"00689","nccp-00689-v4","protocols/lung/00689-atezolizumab-carboplatin-etoposide.json","Atezolizumab, Carboplatin AUC 5 and Etoposide 100 mg/m² — 21 day","not_formally_audited","false","creatinine_ratio_baseline_or_uln|gfr_ml_min|etoposide_crcl_ml_min|haemodialysis","(unnamed)|(unnamed)|(unnamed)|(unnamed)|(unnamed)|(unnamed)","false","alt_ast_uln_multiple|bilirubin_uln_multiple|bilirubin_micromol_l","(unnamed)|(unnamed)|(unnamed)",""
"00691","nccp-00691-v4","protocols/gastrointestinal/00691-folfirinox-therapy-rectal-carcinoma.json","FOLFIRINOX Therapy – Rectal Carcinoma","not_formally_audited","true","oxaliplatin_renal_band","OXALIPLATIN_SEVERE_RENAL|OXALIPLATIN_DIALYSIS","true","bilirubin_uln_multiple","IRINOTECAN_BILIRUBIN_OVER_3ULN",""
"00692","nccp-00692-v2","protocols/gastrointestinal/00692-cetuximab-and-folfox-4-therapy.json","Cetuximab and FOLFOX-4 Therapy","partial_rule_encoding","false","oxaliplatin_renal_band","OXALIPLATIN_SEVERE_RENAL|OXALIPLATIN_DIALYSIS","false","","",""
"00693","nccp-00693-v2","protocols/genitourinary/00693-darolutamide.json","Darolutamide Therapy","not_formally_audited","false","renal_band","RENAL_LT30","false","child_pugh","CHILD_BC",""
"00695","nccp-00695-v2","protocols/haemato-oncology/plasma-cell/00695-daratumumab-sc-weekly-bortezomib-dexamethasone.json","Daratumumab SC, Weekly Bortezomib and Dexamethasone","not_formally_audited","false","crcl_ml_min|haemodialysis","(unnamed)|(unnamed)","false","bilirubin_ratio_uln","(unnamed)|(unnamed)",""
"00696","nccp-00696-v2","protocols/head-neck/00696-paclitaxel-days-1-8-and-15-with-cetuximab-days-1-and-15-28-day.json","Paclitaxel Days 1, 8 and 15 with Cetuximab Days 1 and 15 – 28 day","not_formally_audited","false","","","false","alt_ast_uln_multiple|bilirubin_uln_multiple","",""
"00702","nccp-00702-v2","protocols/lung/00702-entrectinib-monotherapy-adult.json","Entrectinib Monotherapy – Adult","partial_rule_encoding","false","","","false","alt_ast_uln_multiple|bilirubin_uln_multiple","TARGET_HEPATITIS",""
"00704","nccp-00704-v3a","protocols/gastrointestinal/00704-trastuzumab-modified-folfox6.json","Trastuzumab and FOLFOX-6 Modified Therapy -14 day","not_formally_audited","false","crcl_ml_min|haemodialysis","(unnamed)|(unnamed)|(unnamed)","false","hepatic_impairment_category","(unnamed)|(unnamed)",""
"00705","nccp-00705-v2d","protocols/head-neck/00705-pembrolizumab-carboplatin-auc-5-and-5-fluorouracil.json","Pembrolizumab, Carboplatin AUC 5 and 5-Fluorouracil","not_formally_audited","false","gfr_or_crcl_ml_min","CARBO_GFR_LE20","false","alt_ast_uln_multiple|bilirubin_uln_multiple|bilirubin_umol_l|ast_u_l","5FU_HEPATIC|5FU_AST",""
"00706","nccp-00706-v3","protocols/head-neck/00706-pembrolizumab-cisplatin-and-5-fluorouracil.json","Pembrolizumab, Cisplatin and 5-Fluorouracil","not_formally_audited","false","cisplatin_crcl_band","CIS_RENAL_50_59|CIS_RENAL_40_49|CIS_RENAL_LOW","false","alt_ast_uln_multiple|bilirubin_uln_multiple|bilirubin_umol_l|ast_u_l","5FU_HEPATIC|5FU_AST",""
"00712","nccp-00712-v3a","protocols/lung/00712-nivolumab-ipilimumab-carboplatin-and-paclitaxel-therapy.json","Nivolumab, Ipilimumab, Carboplatin and Paclitaxel Therapy","not_formally_audited","true","gfr_crcl_ml_min|creatinine_ratio_baseline_or_uln","CARBO_GFR_20_OR_LESS|CARBO_GFR_20_30|ICI_RENAL_G2|ICI_RENAL_G3","true","bilirubin_uln_multiple|alt_ast_uln_multiple","PACLITAXEL_BILI_GT3|ICI_HEPATITIS_WITHHOLD|ICI_HEPATITIS_STOP|ICI_BILI_WITHHOLD",""
"00713","nccp-00713-v4","protocols/lung/00713-nivolumab-ipilimumab-pemetrexed-and-carboplatin-therapy.json","Nivolumab, Ipilimumab, Pemetrexed and Carboplatin Therapy","not_formally_audited","true","gfr_crcl_ml_min|pemetrexed_renal_band|creatinine_ratio_baseline_or_uln","CARBO_GFR_20_OR_LESS|CARBO_GFR_20_30|PEME_RENAL_30_44|PEME_RENAL_LT30|PEME_DIALYSIS|ICI_RENAL_G2|ICI_RENAL_G3","true","alt_ast_uln_multiple|bilirubin_uln_multiple","ICI_HEPATITIS_WITHHOLD|ICI_HEPATITIS_STOP|ICI_BILI_WITHHOLD",""
"00714","nccp-00714-v4","protocols/lung/00714-nivolumab-ipilimumab-pemetrexed-and-cisplatin-therapy.json","Nivolumab, Ipilimumab, Pemetrexed and Cisplatin Therapy","not_formally_audited","true","cisplatin_renal_band|pemetrexed_renal_band|creatinine_ratio_baseline_or_uln","CISPLATIN_RENAL_45_59|CISPLATIN_RENAL_LT45|CISPLATIN_RENAL_LT30|CISPLATIN_DIALYSIS|PEME_RENAL_30_44|PEME_RENAL_LT30|PEME_DIALYSIS|ICI_RENAL_G2|ICI_RENAL_G3","true","alt_ast_uln_multiple|bilirubin_uln_multiple","ICI_HEPATITIS_WITHHOLD|ICI_HEPATITIS_STOP|ICI_BILI_WITHHOLD",""
"00716","nccp-00716-v2","protocols/gynaecology/00716-bevacizumab-15-mg-kg-carboplatin-auc-5-and-paclitaxel-175-mg-m-therapy.json","Bevacizumab 15 mg/kg, Carboplatin AUC 5 and Paclitaxel 175 mg/m² Therapy","not_formally_audited","false","gfr_or_crcl_ml_min","CARBO_GFR_LOW","false","alt_ast_uln_multiple|bilirubin_uln_multiple","TAXANE_LFT",""
"00719","nccp-00719-v2","protocols/shared/00719-sunitinib-50-mg-therapy-21-day.json","Sunitinib 50 mg Therapy – 21 day","partial_rule_encoding","false","","","false","alt_ast_uln_multiple|bilirubin_uln_multiple","TKI_LIVER_3|TKI_LIVER_5|TKI_BILI",""
"00720","nccp-00720-v2","protocols/breast/00720-neratinib-extended-adjuvant.json","Neratinib Therapy","not_formally_audited","false","crcl|complicated_diarrhoea","","false","alt_grade|bilirubin_grade|child_pugh","(unnamed)|(unnamed)|(unnamed)|(unnamed)|(unnamed)",""
"00722","nccp-00722-v2","protocols/breast/00722-tchp-docetaxel-carboplatin-trastuzumab-pertuzumab.json","Docetaxel, Carboplatin, Trastuzumab and Pertuzumab (TCHP) Therapy","not_formally_audited","false","gfr_ml_min","(unnamed)|(unnamed)","false","bilirubin_abnormal|alt_ast_uln_multiple","(unnamed)|(unnamed)|(unnamed)|(unnamed)|(unnamed)|(unnamed)",""
"00726","nccp-00726-v3a","protocols/breast/00726-pertuzumab-trastuzumab-maintenance.json","Pertuzumab and Trastuzumab Therapy","not_formally_audited","false","","","false","","",""
"00727","nccp-00727-v2b","protocols/gastrointestinal/00727-mitomycin-and-capecitabine-chemoradiation-therapy.json","Mitomycin and Capecitabine Chemoradiation Therapy","partial_rule_encoding","false","","","false","","",""
"00731","nccp-00731-v2","protocols/breast/00731-tch-subcutaneous-p.json","Docetaxel, Carboplatin, Trastuzumab SC and Pertuzumab","not_formally_audited","false","gfr_ml_min","(unnamed)|(unnamed)","false","bilirubin_abnormal|alt_ast_uln_multiple","(unnamed)|(unnamed)|(unnamed)|(unnamed)|(unnamed)|(unnamed)",""
"00732","nccp-00732-v2","protocols/gastrointestinal/00732-cetuximab-therapy-14-days.json","Cetuximab Therapy – 14 days","partial_rule_encoding","false","","","false","","",""
"00733","nccp-00733-v2a","protocols/gastrointestinal/00733-cetuximab-and-modified-folfox-6-therapy.json","Cetuximab and modified FOLFOX-6 Therapy","partial_rule_encoding","false","oxaliplatin_renal_band","OXALIPLATIN_SEVERE_RENAL|OXALIPLATIN_DIALYSIS","false","","",""
"00734","nccp-00734-v3","protocols/breast/00734-weekly-carbo-paclitaxel-ddac.json","Weekly Carboplatin AUC 2 and Paclitaxel followed by dose-dense AC","not_formally_audited","false","crcl_ml_min|gfr_ml_min|haemodialysis","(unnamed)|(unnamed)|(unnamed)|(unnamed)|(unnamed)|(unnamed)|(unnamed)|(unnamed)","false","alt_ratio_uln|bilirubin_ratio_uln|bilirubin_umol_l|child_pugh_class","(unnamed)|(unnamed)|(unnamed)|(unnamed)|(unnamed)|(unnamed)|(unnamed)",""
"00736","nccp-00736-v2","protocols/breast/00736-nab-paclitaxel-weekly.json","nab-Paclitaxel Weekly Monotherapy - 28 day","not_formally_audited","false","","","false","hepatic_impairment","(unnamed)",""
"00738","nccp-00738-v3","protocols/breast/00738-bevacizumab-paclitaxel.json","Bevacizumab 10 mg/kg and Paclitaxel 80 mg/m2","not_formally_audited","false","","","false","alt_uln_multiple|bilirubin_uln_multiple|severe_hepatic_impairment","(unnamed)|(unnamed)|(unnamed)|(unnamed)",""
"00739","nccp-00739-v2a","protocols/gastrointestinal/00739-pembrolizumab-cisplatin-and-5-fluorouracil-infusional-therapy.json","Pembrolizumab, Cisplatin and 5-Fluorouracil Infusional Therapy","not_formally_audited","true","cisplatin_crcl_band|creatinine_ratio_baseline_or_uln","CISPLATIN_CRCL_45_59|CISPLATIN_CRCL_LT45|CISPLATIN_DIALYSIS|ICI_NEPHRITIS_RATIO","true","alt_ast_uln_multiple|bilirubin_uln_multiple","ICI_HEPATITIS_TRANSAMINASE|ICI_HEPATITIS_BILIRUBIN",""
"00742","nccp-00742-v3","protocols/neuro-oncology/00742-lomustine-and-bevacizumab-5-mg-kg-therapy.json","Lomustine and Bevacizumab 5 mg/kg Therapy","not_formally_audited","false","lomustine_renal_band","LOM_RENAL_30_50|LOM_RENAL_LT30","false","","",""
"00743","nccp-00743-v3","protocols/breast/00743-eribulin-monotherapy-28-day.json","Eribulin Monotherapy – 28 day","not_formally_audited","false","","","false","","",""
"00745","nccp-00745-v2a","protocols/breast/00745-ddac-weekly-paclitaxel-trastuzumab-q21d.json","Dose-dense AC followed by weekly Paclitaxel and Trastuzumab every 21 days","not_formally_audited","false","","","false","","",""
"00746","nccp-00746-v2","protocols/gynaecology/00746-olaparib-tablet-and-bevacizumab-therapy.json","Olaparib (Tablet) and Bevacizumab Therapy","not_formally_audited","false","parp_renal_band","PARP_RENAL","false","alt_ast_uln_multiple|bilirubin_uln_multiple","",""
"00747","nccp-00747-v2","protocols/sarcoma/00747-ie-vac-therapy-three-weekly-intervals.json","IE–VAC Therapy – Three Weekly Intervals","not_formally_audited","true","ifosfamide_renal_band|etoposide_renal_band","ETO_CRCL_10_50|ETO_HD|IFO_RENAL_LT50|IFO_DIALYSIS","true","bilirubin_uln_multiple|etoposide_hepatic_band","ETO_HEP_MOD|ETO_HEP_SEV",""
"00749","nccp-00749-v3","protocols/breast/00749-gemcitabine-800-monotherapy.json","Gemcitabine 800 mg/m² Monotherapy – 28 day","not_formally_audited","false","","","false","","",""
"00754","nccp-00754-v3","protocols/sarcoma/00754-ifosfamide-vincristine-doxorubicin-and-dactinomycin-ivado-therapy.json","Ifosfamide, Vincristine, Doxorubicin and Dactinomycin (IVADo) Therapy","not_formally_audited","true","ifosfamide_renal_band","IFO_RENAL_LT50|IFO_DIALYSIS","true","bilirubin_uln_multiple|vincristine_bilirubin_band","DOX_BILI_GT4_3|DOX_BILI_GT2_5|DOX_BILI_GT1|VIN_BILI",""
"00757","nccp-00757-v2","protocols/sarcoma/00757-vincristine-irinotecan-and-temozolomide-vit-therapy.json","Vincristine, Irinotecan and Temozolomide (VIT) Therapy","not_formally_audited","true","irinotecan_renal_band|temozolomide_renal_band","IRI_CRCL_LT10|IRI_HD","true","bilirubin_uln_multiple","IRI_BILI_GT3",""
"00758","nccp-00758-v3","protocols/tumour-agnostic/00758-larotrectinib-monotherapy-adult.json","Larotrectinib Monotherapy – Adult","not_formally_audited","false","","","true","child_pugh_class|alt_ast_uln_multiple|bilirubin_uln_multiple|grade4_lft_after_resumption|hepatic_recurrence_after_resumption","LARO_CHILD_PUGH_BC|LARO_LFT_G2|LARO_LFT_GT5_BILI_LT2|LARO_HY_LAW_PATTERN|LARO_HEPATIC_RECURRENCE",""
"00759","nccp-00759-v1","protocols/genitourinary/00759-gemcitabine-100-mg-m-with-radiotherapy.json","Gemcitabine 100 mg/m² with Radiotherapy","not_formally_audited","false","","","false","alt_ast_uln_multiple|bilirubin_uln_multiple","",""
"00766","nccp-00766-v2","protocols/gynaecology/00766-bevacizumab-carboplatin-paclitaxel.json","Bevacizumab 15 mg/kg, Paclitaxel 175 mg/m² and Carboplatin AUC 6 Therapy","not_formally_audited","false","egfr","","false","bilirubin_uln_multiple|alt_uln_multiple","",""
"00769","nccp-00769-v2","protocols/gynaecology/00769-bevacizumab-10-mg-kg-and-paclitaxel-80-mg-m-days-1-8-15-and-22.json","Bevacizumab 10 mg/kg and Paclitaxel 80 mg/m² Days 1, 8, 15 and 22","not_formally_audited","false","","","false","alt_ast_uln_multiple|bilirubin_uln_multiple","TAXANE_LFT",""
"00771","nccp-00771-v2","protocols/gynaecology/00771-bevacizumab-10-mg-kg-and-topotecan-4-mg-m-therapy.json","Bevacizumab 10 mg/kg and Topotecan 4 mg/m² Therapy","not_formally_audited","false","topotecan_renal_band","TOPO_RENAL|TOPO_RENAL_LOW","false","alt_ast_uln_multiple|bilirubin_uln_multiple","",""
"00772","nccp-00772-v3","protocols/gynaecology/00772-bevacizumab-10-mg-kg-and-pegylated-liposomal-doxorubicin-40-mg-m-therapy.json","Bevacizumab 10 mg/kg and Pegylated Liposomal Doxorubicin 40 mg/m² Therapy","not_formally_audited","false","","","false","alt_ast_uln_multiple|bilirubin_uln_multiple","",""
"00775","nccp-00775-v3","protocols/breast/00775-pertuzumab-trastuzumab-paclitaxel-carboplatin-train2.json","Pertuzumab, Trastuzumab, Paclitaxel and Carboplatin (TRAIN-2)","not_formally_audited","false","gfr_ml_min","(unnamed)|(unnamed)","false","bilirubin_abnormal|alt_ast_uln_multiple","(unnamed)|(unnamed)|(unnamed)|(unnamed)|(unnamed)|(unnamed)",""
"00776","nccp-00776-v3b","protocols/breast/00776-trastuzumab-deruxtecan.json","Trastuzumab Deruxtecan 5.4 mg/kg (Enhertu) Therapy","not_formally_audited","false","","","false","hepatic_impairment","(unnamed)|(unnamed)",""
"00780","nccp-00780-v2","protocols/haemato-oncology/plasma-cell/00780-rvd-lite-induction.json","Bortezomib, Lenalidomide and Dexamethasone (RVD-Lite) Induction","not_formally_audited","false","crcl_ml_min|haemodialysis","(unnamed)|(unnamed)|(unnamed)|(unnamed)","false","bilirubin_ratio_uln","(unnamed)",""
"00783","nccp-00783-v2a","protocols/gastrointestinal/00783-bevacizumab-5-mg-kg-and-folfoxiri-therapy-14-day.json","Bevacizumab 5 mg/kg and FOLFOXIRI Therapy – 14 day","not_formally_audited","true","oxaliplatin_renal_band","OXALIPLATIN_SEVERE_RENAL|OXALIPLATIN_DIALYSIS","true","bilirubin_uln_multiple","IRINOTECAN_BILIRUBIN_OVER_3ULN",""
"00785","nccp-00785-v3a","protocols/breast/00785-phesgo-maintenance.json","Pertuzumab and Trastuzumab (Phesgo®) Maintenance Therapy","not_formally_audited","false","","","false","","",""
"00789","nccp-00789-v3","protocols/breast/00789-phesgo-tchp.json","Docetaxel, Carboplatin and Pertuzumab/Trastuzumab (Phesgo) TCHP","not_formally_audited","false","gfr_ml_min","(unnamed)|(unnamed)","false","bilirubin_abnormal|alt_ast_uln_multiple","(unnamed)|(unnamed)|(unnamed)|(unnamed)|(unnamed)|(unnamed)",""
"00790","nccp-00790-v3","protocols/breast/00790-phesgo-paclitaxel-carboplatin-train2.json","Pertuzumab/Trastuzumab (Phesgo), Paclitaxel and Carboplatin (TRAIN-2)","not_formally_audited","false","gfr_ml_min","(unnamed)|(unnamed)","false","bilirubin_abnormal|alt_ast_uln_multiple","(unnamed)|(unnamed)|(unnamed)|(unnamed)|(unnamed)|(unnamed)",""
"00791","nccp-00791-v2","protocols/gastrointestinal/00791-bevacizumab-5-mg-kg-5-fluorouracil-and-folinic-acid-therapy-14-day.json","Bevacizumab 5 mg/kg, 5-Fluorouracil and Folinic Acid Therapy – 14 day","partial_rule_encoding","false","","","false","","",""
"00792","nccp-00792-v2","protocols/lung/00792-nivolumab-360-mg-and-ipilimumab-1-mg-kg-therapy.json","Nivolumab 360 mg and Ipilimumab 1 mg/kg Therapy","not_formally_audited","true","creatinine_ratio_baseline_or_uln","ICI_RENAL_G2|ICI_RENAL_G3","true","alt_ast_uln_multiple|bilirubin_uln_multiple","ICI_HEPATITIS_WITHHOLD|ICI_HEPATITIS_STOP|ICI_BILI_WITHHOLD",""
"00794","nccp-00794-vcurrent","protocols/breast/00794-sacituzumab-govitecan.json","Sacituzumab Govitecan Therapy","not_formally_audited","false","","","false","","",""
"00796","nccp-00796-v4","protocols/breast/00796-phesgo-docetaxel.json","Pertuzumab/Trastuzumab (Phesgo®) and Docetaxel Therapy","not_formally_audited","false","","","false","significant_hepatic_dysfunction|ast_alt_uln|bilirubin_uln","(unnamed)|(unnamed)",""
"00797","nccp-00797-v4","protocols/breast/00797-phesgo-paclitaxel.json","Pertuzumab/Trastuzumab (Phesgo®) and Weekly Paclitaxel Therapy","not_formally_audited","false","","","false","severe_hepatic_impairment|alt_ratio_uln|bilirubin_ratio_uln","(unnamed)|(unnamed)|(unnamed)|(unnamed)|(unnamed)",""
"00798","nccp-00798-v3","protocols/breast/00798-phesgo-vinorelbine.json","Pertuzumab/Trastuzumab (Phesgo®) and Vinorelbine Therapy","not_formally_audited","false","","","false","hepatic_impairment","(unnamed)",""
"00799","nccp-00799-v2","protocols/gynaecology/00799-bevacizumab-paclitaxel-cisplatin.json","Bevacizumab 15 mg/kg, Paclitaxel 175 mg/m² and Cisplatin 50 mg/m² Therapy","not_formally_audited","false","crcl_ml_min","(unnamed)|(unnamed)|(unnamed)","false","alt_uln_multiple|bilirubin_uln_multiple","(unnamed)|(unnamed)|(unnamed)",""
"00804","nccp-00804-v2","protocols/neuro-oncology/00804-lomustine-and-bevacizumab-7-5-mg-kg-therapy.json","Lomustine and Bevacizumab 7.5 mg/kg Therapy","not_formally_audited","false","lomustine_renal_band","LOM_RENAL_30_50|LOM_RENAL_LT30","false","","",""
"00805","nccp-00805-v2","protocols/neuro-oncology/00805-lomustine-130-mg-m2-therapy.json","Lomustine 130 mg/m² Therapy","not_formally_audited","false","lomustine_renal_band","LOM_RENAL_30_50|LOM_RENAL_LT30","false","","",""
"00806","nccp-00806-v2","protocols/neuro-oncology/00806-cisplatin-lomustine-and-vincristine-clv-therapy.json","Cisplatin, Lomustine and Vincristine (CLV) Therapy","not_formally_audited","false","lomustine_renal_band|cisplatin_renal_band","LOM_30_50|LOM_LT30|CIS_50_59|CIS_40_49|CIS_LT40|CIS_DIALYSIS","false","bilirubin_umol_l","VIN_BILI",""
"00807","nccp-00807-v2","protocols/genitourinary/00807-intravesical-bcg.json","Intravesical BCG","not_formally_audited","false","","","false","alt_ast_uln_multiple|bilirubin_uln_multiple","",""
"00811","nccp-00811-v2","protocols/gynaecology/00811-pembrolizumab-paclitaxel-175-mg-m-carboplatin-auc-5-and-bevacizumab-therapy.json","Pembrolizumab, Paclitaxel 175 mg/m², Carboplatin AUC 5 and Bevacizumab Therapy","not_formally_audited","false","gfr_or_crcl_ml_min|creatinine_ratio_baseline_or_uln","CARBO_GFR_LOW|ICI_RENAL","false","alt_ast_uln_multiple|bilirubin_uln_multiple","TAXANE_LFT|ICI_HEP_G2|ICI_HEP_G3|ICI_BILI",""
"00812","nccp-00812-v3a","protocols/gynaecology/00812-cemiplimab-therapy.json","Cemiplimab Therapy","not_formally_audited","false","creatinine_ratio_baseline_or_uln","ICI_RENAL","false","alt_ast_uln_multiple|bilirubin_uln_multiple","ICI_HEP_G2|ICI_HEP_G3|ICI_BILI",""
"00813","nccp-00813-v2","protocols/neuro-oncology/00813-bevacizumab-5-mg-kg-monotherapy-14-day.json","Bevacizumab 5 mg/kg Monotherapy – 14 Day","not_formally_audited","false","","","false","","",""
"00815","nccp-00815-v3","protocols/breast/00815-paclitaxel-weekly-trastuzumab-3weekly.json","Paclitaxel 80 mg/m² weekly and Trastuzumab 21-day","not_formally_audited","false","","","false","","",""
"00816","nccp-00816-v3","protocols/gastrointestinal/00816-nivolumab-14-day-cisplatin-and-5-fluorouracil-therapy.json","Nivolumab 14 day, Cisplatin and 5-Fluorouracil Therapy","not_formally_audited","true","cisplatin_crcl_band|creatinine_ratio_baseline_or_uln","CISPLATIN_CRCL_45_59|CISPLATIN_CRCL_LT45|CISPLATIN_DIALYSIS|ICI_NEPHRITIS_RATIO","true","alt_ast_uln_multiple|bilirubin_uln_multiple","ICI_HEPATITIS_TRANSAMINASE|ICI_HEPATITIS_BILIRUBIN",""
"00817","nccp-00817-v2","protocols/gynaecology/00817-pembrolizumab-paclitaxel-175-mg-m-and-carboplatin-auc-5-therapy.json","Pembrolizumab, Paclitaxel 175 mg/m² and Carboplatin AUC 5 Therapy","not_formally_audited","false","gfr_or_crcl_ml_min|creatinine_ratio_baseline_or_uln","CARBO_GFR_LOW|ICI_RENAL","false","alt_ast_uln_multiple|bilirubin_uln_multiple","TAXANE_LFT|ICI_HEP_G2|ICI_HEP_G3|ICI_BILI",""
"00819","nccp-00819-v2","protocols/gynaecology/00819-dostarlimab-therapy.json","Dostarlimab Therapy","not_formally_audited","false","creatinine_ratio_baseline_or_uln","ICI_RENAL","false","alt_ast_uln_multiple|bilirubin_uln_multiple","ICI_HEP_G2|ICI_HEP_G3|ICI_BILI",""
"00823","nccp-00823-v2","protocols/lung/00823-tepotinib-therapy.json","Tepotinib Therapy","partial_rule_encoding","false","","","false","alt_ast_uln_multiple|bilirubin_uln_multiple","TARGET_HEPATITIS",""
"00830","nccp-00830-v3","protocols/genitourinary/00830-relugolix.json","Relugolix Therapy","not_formally_audited","false","renal_band","RENAL_SEVERE","false","hepatic_band","HEPATIC_SEVERE",""
"00831","nccp-00831-v2a","protocols/gastrointestinal/00831-atezolizumab-bevacizumab-hcc.json","Atezolizumab and Bevacizumab Therapy","not_formally_audited","false","creatinine_ratio_baseline_or_uln","(unnamed)|(unnamed)","false","child_pugh_class|baseline_alt_ast_category|alt_ast_uln_multiple|bilirubin_uln_multiple","(unnamed)|(unnamed)|(unnamed)|(unnamed)|(unnamed)",""
"00832","nccp-00832-v3","protocols/gastrointestinal/00832-nivolumab-28-day-cisplatin-and-5-fluorouracil-therapy.json","Nivolumab 28 day, Cisplatin and 5-Fluorouracil Therapy","not_formally_audited","true","cisplatin_crcl_band|creatinine_ratio_baseline_or_uln","CISPLATIN_CRCL_45_59|CISPLATIN_CRCL_LT45|CISPLATIN_DIALYSIS|ICI_NEPHRITIS_RATIO","true","alt_ast_uln_multiple|bilirubin_uln_multiple","ICI_HEPATITIS_TRANSAMINASE|ICI_HEPATITIS_BILIRUBIN",""
"00839","nccp-00839-v2a","protocols/gastrointestinal/00839-pembrolizumab-and-modified-folfox-6-therapy.json","Pembrolizumab and Modified FOLFOX-6 Therapy","not_formally_audited","true","oxaliplatin_renal_band|creatinine_ratio_baseline_or_uln","OXALIPLATIN_SEVERE_RENAL|OXALIPLATIN_DIALYSIS|ICI_NEPHRITIS_RATIO","true","alt_ast_uln_multiple|bilirubin_uln_multiple","ICI_HEPATITIS_TRANSAMINASE|ICI_HEPATITIS_BILIRUBIN",""
"00843","nccp-00843-v2a","protocols/gastrointestinal/00843-nivolumab-xelox.json","Nivolumab and XELOX Therapy","not_formally_audited","false","crcl_ml_min|haemodialysis|creatinine_ratio_baseline_or_uln","(unnamed)|(unnamed)|(unnamed)|(unnamed)|(unnamed)","false","bilirubin_ratio_uln|alt_ast_ratio_uln|alt_ast_uln_multiple|bilirubin_uln_multiple","(unnamed)|(unnamed)|(unnamed)",""
"00844","nccp-00844-v4a","protocols/gastrointestinal/00844-nivolumab-modified-folfox6.json","Nivolumab and FOLFOX-6 Modified Therapy","not_formally_audited","false","crcl_ml_min|haemodialysis|creatinine_ratio_baseline_or_uln","(unnamed)|(unnamed)|(unnamed)|(unnamed)|(unnamed)","false","hepatic_impairment_category|alt_ast_uln_multiple|bilirubin_uln_multiple","(unnamed)|(unnamed)|(unnamed)|(unnamed)",""
"00846","nccp-00846-v3a","protocols/genitourinary/00846-enfortumab-vedotin-monotherapy.json","Enfortumab Vedotin Monotherapy","not_formally_audited","false","","","false","alt_ast_uln_multiple|bilirubin_uln_multiple","",""
"00848","nccp-00848-v2","protocols/genitourinary/00848-niraparib-abiraterone-akeega.json","Niraparib and Abiraterone acetate (Akeega®) and Prednisolone Therapy","not_formally_audited","false","renal_band","RENAL_SEVERE","false","alt_ast_uln_multiple|bilirubin_uln_multiple|child_pugh|hys_law_pattern","HEPATIC_GT5|HEPATIC_GT20|CHILD_B|CHILD_C",""
"00849","nccp-00849-v2","protocols/lung/00849-nivolumab-360-mg-and-platinum-based-chemotherapy.json","Nivolumab 360 mg and Platinum-Based Chemotherapy","not_formally_audited","true","creatinine_ratio_baseline_or_uln","ICI_RENAL_G2|ICI_RENAL_G3","true","alt_ast_uln_multiple|bilirubin_uln_multiple","ICI_HEPATITIS_WITHHOLD|ICI_HEPATITIS_STOP|ICI_BILI_WITHHOLD",""
"00854","nccp-00854-v4","protocols/haemato-oncology/plasma-cell/00854-daratumumab-sc-lenalidomide-dexamethasone.json","Daratumumab SC, Lenalidomide and Dexamethasone","not_formally_audited","false","crcl_ml_min|haemodialysis","(unnamed)|(unnamed)|(unnamed)|(unnamed)","false","bilirubin_ratio_uln","(unnamed)",""
"00857","nccp-00857-v3","protocols/breast/00857-pembro-carbo-paclitaxel-ac.json","Pembrolizumab, Carboplatin AUC 5 and weekly Paclitaxel 80 mg/m² followed by Doxorubicin and Cyclophosphamide (AC 60/600) Therapy","not_formally_audited","false","crcl_ml_min|gfr_ml_min|haemodialysis","(unnamed)|(unnamed)|(unnamed)|(unnamed)|(unnamed)|(unnamed)|(unnamed)|(unnamed)","false","alt_ratio_uln|bilirubin_ratio_uln|bilirubin_umol_l|child_pugh_class","(unnamed)|(unnamed)|(unnamed)|(unnamed)|(unnamed)|(unnamed)|(unnamed)",""
"00858","nccp-00858-v3","protocols/breast/00858-pembro-weekly-carbo-paclitaxel-ac.json","Pembrolizumab 200 mg, weekly Carboplatin AUC 1.5 and Paclitaxel 80 mg/m² followed by Doxorubicin and Cyclophosphamide Therapy","not_formally_audited","false","crcl_ml_min|gfr_ml_min|haemodialysis","(unnamed)|(unnamed)|(unnamed)|(unnamed)|(unnamed)|(unnamed)|(unnamed)|(unnamed)","false","alt_ratio_uln|bilirubin_ratio_uln|bilirubin_umol_l|child_pugh_class","(unnamed)|(unnamed)|(unnamed)|(unnamed)|(unnamed)|(unnamed)|(unnamed)",""
"00860","nccp-00860-v2","protocols/breast/00860-pembro400-carbo-paclitaxel-ddac.json","Pembrolizumab 400 mg, Carboplatin AUC 5 and weekly Paclitaxel followed by dose-dense AC","not_formally_audited","false","crcl_ml_min|gfr_ml_min|haemodialysis","(unnamed)|(unnamed)|(unnamed)|(unnamed)|(unnamed)|(unnamed)|(unnamed)|(unnamed)","false","alt_ratio_uln|bilirubin_ratio_uln|bilirubin_umol_l|child_pugh_class","(unnamed)|(unnamed)|(unnamed)|(unnamed)|(unnamed)|(unnamed)|(unnamed)",""
"00861","nccp-00861-v2","protocols/breast/00861-pembro400-weekly-carbo-paclitaxel-ddac.json","Pembrolizumab 400 mg, weekly Carboplatin AUC 1.5 and Paclitaxel followed by dose-dense AC","not_formally_audited","false","crcl_ml_min|gfr_ml_min|haemodialysis","(unnamed)|(unnamed)|(unnamed)|(unnamed)|(unnamed)|(unnamed)|(unnamed)|(unnamed)","false","alt_ratio_uln|bilirubin_ratio_uln|bilirubin_umol_l|child_pugh_class","(unnamed)|(unnamed)|(unnamed)|(unnamed)|(unnamed)|(unnamed)|(unnamed)",""
"00862","nccp-00862-v2","protocols/gynaecology/00862-niraparib-tablets-monotherapy.json","Niraparib (Tablets) Monotherapy","not_formally_audited","false","crcl_ml_min|haemodialysis","(unnamed)|(unnamed)","false","hepatic_impairment","(unnamed)",""
"00885","nccp-00885-v2","protocols/genitourinary/00885-erdafitinib-therapy.json","Erdafitinib Therapy","not_formally_audited","false","","","false","alt_ast_uln_multiple|bilirubin_uln_multiple","",""
"00889","nccp-00889-v1a","protocols/gastrointestinal/00889-pemigatinib-therapy.json","Pemigatinib Therapy","partial_rule_encoding","false","","","false","alt_ast_uln_multiple|bilirubin_uln_multiple","ORAL_TARGETED_LFT_REVIEW|ORAL_TARGETED_BILIRUBIN_REVIEW",""
"00890","nccp-00890-v2","protocols/gastrointestinal/00890-fruquintinib-monotherapy.json","Fruquintinib Monotherapy","partial_rule_encoding","false","","","false","alt_ast_uln_multiple|bilirubin_uln_multiple","ORAL_TARGETED_LFT_REVIEW|ORAL_TARGETED_BILIRUBIN_REVIEW",""
"00892","nccp-00892-v2","protocols/breast/00892-ribociclib-adjuvant.json","Ribociclib Therapy (Adjuvant) - 28 day","not_formally_audited","false","renal_band","(unnamed)|(unnamed)","false","child_pugh|ast_alt_grade|bilirubin_elevated","(unnamed)|(unnamed)",""
"00893","nccp-00893-v1","protocols/head-neck/00893-methotrexate-40-mg-m-monotherapy-28-day.json","Methotrexate 40 mg/m² Monotherapy – 28 day","not_formally_audited","false","methotrexate_crcl_band","MTX_RENAL_20_49|MTX_RENAL_LT20","false","alt_ast_uln_multiple|bilirubin_uln_multiple|bilirubin_umol_l","MTX_BILI",""
"00894","nccp-00894-v1","protocols/genitourinary/00894-intravesical-gemcitabine-and-docetaxel.json","Intravesical Gemcitabine and Docetaxel","not_formally_audited","false","","","false","alt_ast_uln_multiple|bilirubin_uln_multiple","",""
"00897","nccp-00897-v3","protocols/gastrointestinal/00897-durvalumab-gemcitabine-cisplatin.json","Durvalumab 1500 mg, Gemcitabine 1000 mg/m² and Cisplatin 25 mg/m² Therapy","not_formally_audited","false","crcl_ml_min|haemodialysis|creatinine_ratio_baseline_or_uln","(unnamed)|(unnamed)|(unnamed)|(unnamed)|(unnamed)|(unnamed)","false","bilirubin_umol_l|alt_ast_uln_multiple|bilirubin_uln_multiple","(unnamed)|(unnamed)|(unnamed)",""
"00900","nccp-00900-v1a","protocols/gastrointestinal/00900-nivolumab-240-mg-and-ipilimumab-1-mg-kg-therapy.json","Nivolumab 240 mg and Ipilimumab 1 mg/kg Therapy","not_formally_audited","true","creatinine_ratio_baseline_or_uln","ICI_NEPHRITIS_RATIO","true","alt_ast_uln_multiple|bilirubin_uln_multiple","ICI_HEPATITIS_TRANSAMINASE|ICI_HEPATITIS_BILIRUBIN",""
"00901","nccp-00901-v1a","protocols/gastrointestinal/00901-ivosidenib-therapy.json","Ivosidenib Therapy","partial_rule_encoding","false","","","false","alt_ast_uln_multiple|bilirubin_uln_multiple","ORAL_TARGETED_LFT_REVIEW|ORAL_TARGETED_BILIRUBIN_REVIEW",""
"00903","nccp-00903-v1","protocols/head-neck/00903-gemcitabine-1000-mg-m-and-cisplatin-80-mg-m-induction.json","Gemcitabine 1000 mg/m² and Cisplatin 80 mg/m² Induction","not_formally_audited","false","cisplatin_crcl_band|gemcitabine_crcl_band","CIS_RENAL_50_59|CIS_RENAL_40_49|CIS_RENAL_LOW|GEM_RENAL_LT30","false","alt_ast_uln_multiple|bilirubin_uln_multiple","",""
"00904","nccp-00904-v1","protocols/gynaecology/00904-rucaparib-tablets-monotherapy.json","Rucaparib (Tablets) Monotherapy","not_formally_audited","false","parp_renal_band","PARP_RENAL","false","alt_ast_uln_multiple|bilirubin_uln_multiple","",""
"00908","nccp-00908-v1a","protocols/lung/00908-serplulimab-carboplatin-auc5-and-etoposide-100-mg-m2-21-day.json","Serplulimab, Carboplatin AUC5 and Etoposide 100 mg/m² – 21 day","not_formally_audited","true","gfr_crcl_ml_min|etoposide_renal_band|creatinine_ratio_baseline_or_uln","CARBO_GFR_20_OR_LESS|CARBO_GFR_20_30|ETOP_RENAL_15_49|ETOP_RENAL_LT15|ETOP_DIALYSIS|ICI_RENAL_G2|ICI_RENAL_G3","true","bilirubin_uln_multiple|alt_ast_uln_multiple","ETOP_BILI_HIGH|ICI_HEPATITIS_WITHHOLD|ICI_HEPATITIS_STOP|ICI_BILI_WITHHOLD",""
"00924","nccp-00924-v1","protocols/gastrointestinal/00924-tislelizumab-and-capox-therapy.json","Tislelizumab and CAPOX Therapy","not_formally_audited","true","oxaliplatin_renal_band|creatinine_ratio_baseline_or_uln","OXALIPLATIN_SEVERE_RENAL|OXALIPLATIN_DIALYSIS|ICI_NEPHRITIS_RATIO","true","alt_ast_uln_multiple|bilirubin_uln_multiple","ICI_HEPATITIS_TRANSAMINASE|ICI_HEPATITIS_BILIRUBIN",""
"00925","nccp-00925-v1","protocols/gastrointestinal/00925-tislelizumab-and-modified-folfox-6-therapy.json","Tislelizumab and Modified FOLFOX-6 Therapy","not_formally_audited","true","oxaliplatin_renal_band|creatinine_ratio_baseline_or_uln","OXALIPLATIN_SEVERE_RENAL|OXALIPLATIN_DIALYSIS|ICI_NEPHRITIS_RATIO","true","alt_ast_uln_multiple|bilirubin_uln_multiple","ICI_HEPATITIS_TRANSAMINASE|ICI_HEPATITIS_BILIRUBIN",""
"00926","nccp-00926-v1","protocols/gastrointestinal/00926-tremelimumab-durvalumab.json","Tremelimumab and Durvalumab Therapy","not_formally_audited","false","creatinine_ratio_baseline_or_uln","(unnamed)|(unnamed)","false","alt_ast_uln_multiple|bilirubin_uln_multiple|child_pugh_class","(unnamed)|(unnamed)|(unnamed)",""
"00929","nccp-00929-v1","protocols/gynaecology/00929-dostarlimab-paclitaxel-and-carboplatin-therapy.json","Dostarlimab, Paclitaxel and Carboplatin Therapy","not_formally_audited","false","gfr_or_crcl_ml_min|creatinine_ratio_baseline_or_uln","CARBO_GFR_LOW|ICI_RENAL","false","alt_ast_uln_multiple|bilirubin_uln_multiple","TAXANE_LFT|ICI_HEP_G2|ICI_HEP_G3|ICI_BILI",""
"00936","nccp-00936-vcurrent","protocols/breast/00936-tucatinib-trastuzumab-capecitabine.json","Tucatinib, Trastuzumab and Capecitabine Therapy - 21 days","not_formally_audited","false","crcl","(unnamed)","false","alt_grade|bilirubin_grade|severe_hepatic_impairment","(unnamed)|(unnamed)|(unnamed)",""
"00945","nccp-00945-v1","protocols/genitourinary/00945-enfortumab-vedotin-and-pembrolizumab-therapy.json","Enfortumab Vedotin and Pembrolizumab Therapy","not_formally_audited","false","creatinine_ratio_baseline_or_uln","ICI_RENAL","false","alt_ast_uln_multiple|bilirubin_uln_multiple","",""
