"code","protocol_id","path","title","in_scope","encoding_maturity","resolution","source_url","organ_inputs","organ_rules","issues"
"","","protocols/_shared/ecog-context-placeholder.json","","false","not_formally_audited","","","","",""
"","","protocols/_shared/single-agent-ici-profile.json","","false","not_formally_audited","","","","",""
"","","protocols/package.json","","false","not_formally_audited","","","","",""
"","","protocols/protocol-schema.json","","false","not_formally_audited","","","","",""
"00100","nccp-00100-v6","protocols/sarcoma/00100-mifamurtide-therapy.json","Mifamurtide Therapy","false","not_formally_audited","","https://healthservice.hse.ie/documents/6722/100_Mifamurtide.pdf","breastfeeding|metastatic_at_presentation|mifamurtide_renal_band|child_pugh","PREGNANCY_BREASTFEEDING|METASTATIC_PRESENTATION|RENAL_LT30|RENAL_HD|HEP_B|HEP_C",""
"00101","nccp-00101-v8","protocols/genitourinary/00101-cabazitaxel-prednisolone.json","Cabazitaxel and Prednisolone Therapy","false","not_formally_audited","","https://healthservice.hse.ie/documents/6536/108_cabazitaxel_and_prednisoLONE.pdf","hepatic_band|renal_band","HEP_MILD|HEP_MOD|HEP_SEVERE|RENAL",""
"00102","nccp-00102-v6","protocols/skin/00102-vemurafenib-monotherapy.json","Vemurafenib Monotherapy","false","not_formally_audited","","https://healthservice.hse.ie/documents/6723/102_v6_Vemurafenib_Monotherapy.pdf","breastfeeding|alt_ast_uln_multiple|bilirubin_uln_multiple","BREASTFEEDING",""
"00103","nccp-00103-v9","protocols/genitourinary/00103-abiraterone-prednisolone-mcrpc.json","Abiraterone and prednisolone Therapy (mCRPC)","false","not_formally_audited","","https://healthservice.hse.ie/documents/6537/103_v9_Abiraterone_and_prednisoLONE_Therapy.pdf","bilirubin_uln_multiple|alt_ast_uln_multiple|alp_u_l|creatinine_below_1_5_uln|child_pugh|active_hepatitis_or_chronic_liver_disease|adrenal_dysfunction|visceral_metastases","BILIRUBIN_ELIGIBILITY|TRANSAMINASE_ELIGIBILITY|ALP_ELIGIBILITY|CREATININE_ELIGIBILITY|CHILD_PUGH_B|CHILD_PUGH_C|HEPATITIS_EXCLUSION|ADRENAL_EXCLUSION|VISCERAL_METS",""
"00104","nccp-00104-v6","protocols/genitourinary/00104-axitinib-monotherapy.json","Axitinib Monotherapy","false","not_formally_audited","","https://healthservice.hse.ie/documents/6538/104_Axitinib_Monotherapy.pdf","alt_ast_uln_multiple|bilirubin_uln_multiple|diastolic_bp","TKI_BP_DIA",""
"00105","nccp-00105-v7","protocols/skin/00105-ipilimumab-monotherapy.json","Ipilimumab Monotherapy","false","not_formally_audited","","https://healthservice.hse.ie/documents/6724/105_V7_Ipilimumab_.pdf","breastfeeding|alt_ast_uln_multiple|bilirubin_uln_multiple|creatinine_ratio_baseline_or_uln","BREASTFEEDING|ICI_RENAL",""
"00200","nccp-00200-vcurrent","protocols/breast/00200-trastuzumab-iv-q21d.json","Trastuzumab Intravenous Monotherapy – 21 days","false","not_formally_audited","","https://healthservice.hse.ie/documents/6330/200_Trastuzumab_21days_Ubeecpc.pdf","breastfeeding","EXCLUSION_PREGNANCY_BREASTFEEDING",""
"00201","nccp-00201-v6","protocols/breast/00201-trastuzumab-iv-weekly.json","Trastuzumab Intravenous Monotherapy – 7 days","false","not_formally_audited","","https://healthservice.hse.ie/documents/6540/201_v6_Trastuzumab_IV_7_days.pdf","breastfeeding","EXCLUSION_PREGNANCY_BREASTFEEDING",""
"00202","nccp-00202-v7","protocols/breast/00202-docetaxel-100-21-day.json","Docetaxel Monotherapy 100 mg/m² – 21 day","false","not_formally_audited","","https://healthservice.hse.ie/documents/6541/202_v7_Docetaxel_100_21_day.pdf","","",""
"00203","nccp-00203-v7","protocols/breast/00203-docetaxel-75-21-day.json","Docetaxel Monotherapy 75 mg/m² – 21 day cycle","false","not_formally_audited","","https://healthservice.hse.ie/documents/6543/203_DOCEtaxel_75-21day.pdf","hepatic_band","HEPATIC_75|HEPATIC_50|HEPATIC_STOP",""
"00204","nccp-00204-v11","protocols/breast/00204-pertuzumab-trastuzumab-docetaxel.json","Pertuzumab, Trastuzumab and Docetaxel Therapy – 21 day cycle","false","not_formally_audited","","https://healthservice.hse.ie/documents/6545/204_v11_PertuzumabTrasDoc.pdf","breastfeeding|significant_hepatic_dysfunction|ast_alt_uln|bilirubin_uln","EXCLUSION_PREG_LACT|HEPATIC_EXCLUSION|HEPATIC_NOT_RECOMMENDED",""
"00205","nccp-00205-v8","protocols/breast/00205-pegylated-liposomal-doxorubicin.json","Pegylated Liposomal Doxorubicin 50 mg/m² – 28 day","true","source_reconciled_rule_encoding","structured_rules","https://healthservice.hse.ie/documents/6546/205_V8_Peg_Lipo_DOXO_28_day.pdf","breastfeeding|bilirubin_uln_multiple|pld_bilirubin_band","PREGNANCY_BREASTFEEDING|PLD_BILI_GT4_3|PLD_BILI_GT2_5|PLD_BILI_GT1|OF590_00205_PLD_BILI_20_50|OF590_00205_PLD_BILI_51_86|OF590_00205_PLD_BILI_GT86",""
"00206","nccp-00206-vcurrent","protocols/breast/00206-t-dm1-metastatic.json","Trastuzumab Emtansine (T-DM1) Therapy – 21 days","false","not_formally_audited","","https://healthservice.hse.ie/documents/6547/206_Trastuzumab_Emtansine_21days.pdf","hypersensitivity|breastfeeding|ast_alt_grade|bilirubin_grade","PREG_LACT|FURTHER_REDUCTION",""
"00207","nccp-00207-v5","protocols/gastrointestinal/00207-cetuximab-therapy-7-days.json","Cetuximab Therapy – 7 days","true","source_reconciled_rule_encoding","source_reviewed_no_prescriptive_adjustment","https://healthservice.hse.ie/documents/6548/207_v5_Cetuximab_7day.pdf","breastfeeding","PREGNANCY_OR_BREASTFEEDING",""
"00209","nccp-00209-v10a","protocols/gastrointestinal/00209-modified-folfox6.json","FOLFOX-6 Modified Therapy – 14 day","false","not_formally_audited","","https://healthservice.hse.ie/documents/6549/209_v10a_FOLFOX_6_Modified.pdf","breastfeeding|crcl_ml_min|haemodialysis|hepatic_impairment_category","EXCLUSION_PREGNANCY_OR_BREASTFEEDING|RENAL_HAEMODIALYSIS|RENAL_CRCL_BELOW30|HEPATIC_SEVERE|HEPATIC_MILD_MODERATE_WITH_RENAL",""
"00210","nccp-00210-v9b","protocols/gastrointestinal/00210-folfox-4-therapy-14-day.json","FOLFOX-4 Therapy – 14 day","true","source_reconciled_rule_encoding","structured_rules","https://healthservice.hse.ie/documents/6550/210_v9b_FOLFOX4.pdf","breastfeeding|oxaliplatin_renal_band|fluorouracil_renal_impairment|fluorouracil_bilirubin_umol_l|fluorouracil_ast_u_l|fluorouracil_hepatic_impairment","PREGNANCY_OR_BREASTFEEDING|OXALIPLATIN_SEVERE_RENAL|OXALIPLATIN_DIALYSIS|OF590_00210_OXALI_LT30|OF590_00210_OXALI_DIALYSIS|OF590_00210_5FU_RENAL_SEVERE|OF590_00210_5FU_BILI_GT85|OF590_00210_5FU_AST_GT180|OF590_00210_5FU_HEP_MOD|OF590_00210_5FU_HEP_SEV",""
"00212","nccp-00212-v6a","protocols/breast/00212-bevacizumab-q14d.json","Bevacizumab 10 mg/kg – 14 days","false","not_formally_audited","","https://healthservice.hse.ie/documents/6942/212_V6a_Bevacizumab_10mgkg.pdf","gi_perforation|renal_or_hepatic_clinical_concern","ORGAN_FUNCTION_REVIEW",""
"00213","nccp-00213-v7","protocols/gastrointestinal/00213-irinotecan-monotherapy-21-day.json","Irinotecan Monotherapy – 21 day","true","source_reconciled_rule_encoding","structured_rules","https://healthservice.hse.ie/documents/6553/00213_Irinotecan_Monotherapy.pdf","breastfeeding|bilirubin_uln_multiple|irinotecan_renal_band|irinotecan_bilirubin_uln","PREGNANCY_OR_BREASTFEEDING|IRINOTECAN_BILIRUBIN_OVER_3ULN|OF590_00213_IRINO_DIALYSIS|OF590_00213_IRINO_BILI_1_5_3|OF590_00213_IRINO_BILI_GT3",""
"00214","nccp-00214-v8","protocols/shared/00214-bevacizumab-7-5-mg-kg-21-days.json","Bevacizumab 7.5 mg/kg – 21 days","true","source_reconciled_rule_encoding","source_reviewed_no_prescriptive_adjustment","https://healthservice.hse.ie/documents/6554/214_Bevacizumab_7.5.pdf","breastfeeding|diastolic_bp_mmhg|gi_perforation_or_fistula","PREGNANCY_OR_BREASTFEEDING|UNCONTROLLED_HYPERTENSION",""
"00215","nccp-00215-v7","protocols/shared/00215-bevacizumab-15mgkg.json","Bevacizumab 15 mg/kg Therapy — 21 days","false","not_formally_audited","","https://healthservice.hse.ie/documents/6555/00215_Bevacizumab_15_knZhA52.pdf","gi_perforation|renal_or_hepatic_clinical_concern","ORGAN_FUNCTION_REVIEW",""
"00216","nccp-00216-v8","protocols/gastrointestinal/00216-capecitabine-monotherapy.json","Capecitabine Monotherapy","false","not_formally_audited","","https://healthservice.hse.ie/documents/6558/216_v8_Capecitabine.pdf","breastfeeding|crcl_ml_min|haemodialysis|bilirubin_ratio_uln|alt_ast_ratio_uln","EXCLUSION_PREGNANCY_LACTATION|CRCL_30_50|CRCL_LT30|DIALYSIS|HEPATOTOXICITY|PROCEED",""
"00217","nccp-00217-vcurrent","protocols/breast/00217-lapatinib-capecitabine.json","Lapatinib and Capecitabine Therapy - 21 days","false","not_formally_audited","","https://healthservice.hse.ie/documents/6559/217_Lapatinib_and_Capecitabine_therapy.pdf","breastfeeding|alt_grade|bilirubin_grade|active_gi_disease|crcl_band","EXCL_BF|CRCL_LT30|HEP_G3|BILI_G3|CRCL_30_50|CRCL_DIALYSIS",""
"00218","nccp-00218-v3","protocols/haemato-oncology/plasma-cell/00218-lenalidomide-dexamethasone-28-day.json","Lenalidomide 25 mg and Dexamethasone — 28 day","false","not_formally_audited","","https://healthservice.hse.ie/documents/6939/218_v3_Lenalidomide_Dex.pdf","crcl_ml_min|haemodialysis|bilirubin_ratio_uln|breastfeeding","218_EXCLUSIONS|218_LEN_RENAL_30_50|218_LEN_RENAL_LT30|218_LEN_DIALYSIS",""
"00219","nccp-00219-v6","protocols/lung/00219-erlotinib-monotherapy.json","Erlotinib Monotherapy","true","source_reconciled_rule_encoding","structured_rules","https://healthservice.hse.ie/documents/6938/219_Erlotinib_monotherapy.pdf","breastfeeding|alt_ast_uln_multiple|bilirubin_uln_multiple|targeted_renal_band|targeted_hepatic_band","PREGNANCY_BREASTFEEDING|TARGET_HEPATITIS|OF590_00219_ERLO_RENAL|OF590_00219_ERLO_HEP",""
"00220","nccp-00220-v5","protocols/lung/00220-gefitinib-monotherapy.json","Gefitinib Monotherapy","true","source_reconciled_rule_encoding","structured_rules","https://healthservice.hse.ie/documents/6937/220_V5_Gefitinib_Monotherapy.pdf","breastfeeding|alt_ast_uln_multiple|bilirubin_uln_multiple|targeted_renal_band|targeted_hepatic_band","PREGNANCY_BREASTFEEDING|TARGET_HEPATITIS|OF590_00220_GEF_HEP_BC",""
"00221","nccp-00221-v5","protocols/lung/00221-afatinib-monotherapy.json","Afatinib Monotherapy","true","source_reconciled_rule_encoding","structured_rules","https://healthservice.hse.ie/documents/6936/221_Afatinib.pdf","breastfeeding|alt_ast_uln_multiple|bilirubin_uln_multiple|targeted_renal_band|targeted_hepatic_band","PREGNANCY_BREASTFEEDING|TARGET_HEPATITIS|OF590_00221_AFA_LT15|OF590_00221_AFA_CHILD_C",""
"00222","nccp-00222-v5","protocols/lung/00222-pemetrexed-monotherapy.json","Pemetrexed Monotherapy","true","source_reconciled_rule_encoding","structured_rules","https://healthservice.hse.ie/documents/6935/222_V5_PEMEtrexed_Monotherapy_.pdf","breastfeeding|pemetrexed_renal_band|pemetrexed_severe_hepatic","PREGNANCY_BREASTFEEDING|PEME_RENAL_30_44|PEME_RENAL_LT30|PEME_DIALYSIS|OF590_00222_PEME_LT45|OF590_00222_PEME_HEP_SEV",""
"00225","nccp-00225-v6","protocols/gastrointestinal/00225-panitumumab-6-mg-kg-therapy.json","Panitumumab 6 mg/kg Therapy","true","source_reconciled_rule_encoding","source_reviewed_no_prescriptive_adjustment","https://healthservice.hse.ie/documents/6560/225_Panitumumab_6mgkg.pdf","breastfeeding","PREGNANCY_OR_BREASTFEEDING",""
"00226","nccp-00226-v9","protocols/shared/00226-paclitaxel-monotherapy-weekly.json","Paclitaxel Monotherapy 80mg/m² Day 1, 8, 15 and 22 – 28 Day","false","not_formally_audited","","https://healthservice.hse.ie/documents/6562/226_V9_Paclitaxel_80.pdf","breastfeeding|severe_hepatic_impairment|alt_ratio_uln|bilirubin_ratio_uln","EXCLUSION_BREASTFEEDING|EXCLUSION_SEVERE_HEPATIC_IMPAIRMENT|HEPATIC_CONTRAINDICATED|HEPATIC_50_PERCENT|HEPATIC_75_PERCENT|HEPATIC_NO_REDUCTION",""
"00227","nccp-00227-v9","protocols/gastrointestinal/00227-folfiri.json","FOLFIRI Therapy - 14 day","false","not_formally_audited","","https://healthservice.hse.ie/documents/6563/227_v9_FOLFIRI.pdf","breastfeeding|crcl_ml_min|haemodialysis|bilirubin_ratio_uln|bilirubin_umol_l|ast_u_l|hepatic_impairment_severity","EXCLUSION_PREGNANCY_BREASTFEEDING|IRINOTECAN_CRCL_LT10|IRINOTECAN_HAEMODIALYSIS|IRINOTECAN_BILI_GT3ULN|FIVEFU_HEPATIC_CONTRAINDICATED|FIVEFU_MODERATE_HEPATIC|FIVEFU_SEVERE_HEPATIC|PROCEED_NO_ENCODED_MODIFICATION",""
"00228","nccp-00228-v8","protocols/breast/00228-eribulin-monotherapy.json","Eribulin Monotherapy","false","not_formally_audited","","https://healthservice.hse.ie/documents/6564/228_eriBULin.pdf","breastfeeding|eribulin_renal_band|child_pugh","PREGNANCY_BREASTFEEDING|ERIB_RENAL_LT50|ERIB_HD|ERIB_CP_A|ERIB_CP_B|ERIB_CP_C",""
"00230","nccp-00230-v7","protocols/breast/00230-nab-paclitaxel-q21d.json","nab-Paclitaxel Monotherapy - 21 day","false","not_formally_audited","","https://healthservice.hse.ie/documents/6565/230_v7_nab-PACLitaxel.pdf","breastfeeding|hepatic_impairment","EXCLUSION_BF|HEPATIC",""
"00232","nccp-00232-v5","protocols/breast/00232-vinorelbine-iv.json","Intravenous Vinorelbine Monotherapy - 21 days","false","not_formally_audited","","https://healthservice.hse.ie/documents/6567/232_v5_Vinorelbine_IV.pdf","breastfeeding|hepatic_impairment","EXCLUSION_PREG_LACT|HEPATIC_SEVERE",""
"00233","nccp-00233-v7","protocols/genitourinary/00233-enzalutamide.json","Enzalutamide Monotherapy","false","not_formally_audited","","https://healthservice.hse.ie/documents/6332/233_v7_Enzalutamide_Monotherapy.pdf","renal_band|severe_hepatic_impairment","RENAL_LIMITED|SEVERE_HEPATIC",""
"00235","nccp-00235-v5","protocols/gastrointestinal/00235-teysuno-s-1-and-cisplatin-28-day.json","Teysuno (S-1) and Cisplatin – 28 day","true","source_reconciled_rule_encoding","structured_rules","https://healthservice.hse.ie/documents/6334/235_Teysuno_CISplatin.pdf","breastfeeding|cisplatin_crcl_band|teysuno_renal_band","PREGNANCY_OR_BREASTFEEDING|CISPLATIN_CRCL_45_59|CISPLATIN_CRCL_LT45|CISPLATIN_DIALYSIS|OF590_00235_CIS_50_59|OF590_00235_CIS_40_49|OF590_00235_CIS_LT40|OF590_00235_CIS_DIALYSIS|OF590_00235_TEYSUNO_30_50|OF590_00235_TEYSUNO_LT30",""
"00236","nccp-00236-v3","protocols/skin/00236-vismodegib-monotherapy.json","Vismodegib Monotherapy","false","not_formally_audited","","https://healthservice.hse.ie/documents/6725/236_v3_Vismodegib.pdf","breastfeeding|alt_ast_uln_multiple|bilirubin_uln_multiple","BREASTFEEDING",""
"00237","nccp-00237-v6","protocols/skin/00237-dabrafenib-monotherapy.json","Dabrafenib Monotherapy","false","not_formally_audited","","https://healthservice.hse.ie/documents/6726/237_Dabrafenib.pdf","breastfeeding|alt_ast_uln_multiple|bilirubin_uln_multiple","BREASTFEEDING",""
"00238","nccp-00238-v6","protocols/gastrointestinal/00238-aflibercept-folfiri.json","Aflibercept and FOLFIRI Therapy -14 day","false","not_formally_audited","","https://healthservice.hse.ie/documents/6336/238_v6_Aflibercept_and_FOLFIRI.pdf","breastfeeding|crcl_ml_min|haemodialysis|bilirubin_ratio_uln|bilirubin_umol_l|ast_u_l|hepatic_impairment_severity|gi_perforation_or_fistula","EXCLUSION_PREGNANCY_BREASTFEEDING|IRINOTECAN_CRCL_LT10|IRINOTECAN_HAEMODIALYSIS|IRINOTECAN_BILI_GT3ULN|FIVEFU_HEPATIC_CONTRAINDICATED|FIVEFU_MODERATE_HEPATIC|FIVEFU_SEVERE_HEPATIC|PROCEED_NO_ENCODED_MODIFICATION",""
"00239","nccp-00239-v8","protocols/gastrointestinal/00239-eox-epirubicin-oxaliplatin-and-capecitabine-therapy.json","EOX: Epirubicin, Oxaliplatin and Capecitabine Therapy","true","source_reconciled_rule_encoding","structured_rules","https://healthservice.hse.ie/documents/6338/239_EOX.pdf","breastfeeding|oxaliplatin_renal_band|capecitabine_renal_band|capecitabine_bilirubin_uln|capecitabine_alt_ast_uln|epirubicin_bilirubin_umol_l|epirubicin_ast_uln","PREGNANCY_OR_BREASTFEEDING|OXALIPLATIN_SEVERE_RENAL|OXALIPLATIN_DIALYSIS|OF590_00239_OXALI_LT30|OF590_00239_OXALI_DIALYSIS|OF590_00239_CAPE_RENAL_30_50|OF590_00239_CAPE_RENAL_LT30|OF590_00239_CAPE_HEPATIC_HOLD|OF590_00239_EPI_REDUCE50|OF590_00239_EPI_REDUCE25|OF590_00239_EPI_NOT_RECOMMENDED",""
"00240","nccp-00240-v8","protocols/gastrointestinal/00240-ecf-epirubicin-cisplatin-and-5-fluorouracil-therapy.json","ECF: Epirubicin, Cisplatin and 5-Fluorouracil Therapy","true","source_reconciled_rule_encoding","structured_rules","https://healthservice.hse.ie/documents/6343/240_epiRUBicin_CISplatin_5FU_ECF.pdf","breastfeeding|cisplatin_crcl_band|fluorouracil_renal_impairment|fluorouracil_bilirubin_umol_l|fluorouracil_ast_u_l|fluorouracil_hepatic_impairment|epirubicin_bilirubin_umol_l|epirubicin_ast_uln","PREGNANCY_OR_BREASTFEEDING|CISPLATIN_CRCL_45_59|CISPLATIN_CRCL_LT45|CISPLATIN_DIALYSIS|OF590_00240_5FU_RENAL_SEVERE|OF590_00240_5FU_BILI_GT85|OF590_00240_5FU_AST_GT180|OF590_00240_5FU_HEP_MOD|OF590_00240_5FU_HEP_SEV|OF590_00240_CIS_45_59|OF590_00240_CIS_LT45|OF590_00240_CIS_DIALYSIS|OF590_00240_EPI_REDUCE50|OF590_00240_EPI_REDUCE25|OF590_00240_EPI_OMIT",""
"00242","nccp-00242-v6","protocols/head-neck/00242-vandetanib-monotherapy.json","Vandetanib Monotherapy","false","not_formally_audited","","https://healthservice.hse.ie/documents/6947/242_Vandetanib_monotherapy.pdf","alt_ast_uln_multiple|bilirubin_uln_multiple|breastfeeding|diastolic_bp|vandetanib_renal_band","TKI_BP_DIA|VAN_RENAL|VAN_BILI",""
"00243","nccp-00243-v7","protocols/lung/00243-crizotinib-monotherapy.json","Crizotinib Monotherapy","true","source_reconciled_rule_encoding","structured_rules","https://healthservice.hse.ie/documents/6934/243_V7_Crizotinib_Monotherapy.pdf","breastfeeding|alt_ast_uln_multiple|bilirubin_uln_multiple|targeted_renal_band|targeted_hepatic_band","PREGNANCY_BREASTFEEDING|TARGET_HEPATITIS|OF590_00243_CRIZ_RENAL|OF590_00243_CRIZ_HEP_MOD|OF590_00243_CRIZ_HEP_SEV",""
"00244","nccp-00244-v5","protocols/gastrointestinal/00244-regorafenib.json","Regorafenib Monotherapy","false","not_formally_audited","","https://healthservice.hse.ie/documents/6347/244_v5_Regorafenib_Monotherapy.pdf","child_pugh|alt_ast_ratio_uln|bilirubin_ratio_uln|liver_event_recurrence|diastolic_bp_mmhg","CHILD_PUGH_C|LIVER_G3_FIRST|LIVER_G3_RECUR|LIVER_G4|LIVER_HY|PROCEED",""
"00245","nccp-00245-v4a","protocols/haemato-oncology/plasma-cell/00245-pomalidomide-dexamethasone.json","Pomalidomide and Dexamethasone","false","not_formally_audited","","https://healthservice.hse.ie/documents/6933/245_v4a_Pomalidomide_and_Dexamethasone.pdf","crcl_ml_min|haemodialysis|bilirubin_ratio_uln|breastfeeding|child_pugh_class","245_EXCLUSIONS|245_POM_DIALYSIS|245_POM_HEPATIC",""
"00246","nccp-00246-v5","protocols/gynaecology/00246-methotrexate-8-day-charing-cross-regimen.json","Methotrexate 8-day Charing Cross Regimen","false","not_formally_audited","","https://healthservice.hse.ie/documents/6349/246_Methotrexate_Charing_Cross.pdf","alt_ast_uln_multiple|bilirubin_uln_multiple","",""
"00247","nccp-00247-v4","protocols/gynaecology/00247-dactinomycin-therapy.json","Dactinomycin Therapy","false","not_formally_audited","","https://healthservice.hse.ie/documents/6350/247_V4_DACTINomycin.pdf","alt_ast_uln_multiple|bilirubin_uln_multiple","",""
"00248","nccp-00248-v4","protocols/gynaecology/00248-ema-co-therapy.json","EMA/CO Therapy","false","not_formally_audited","","https://healthservice.hse.ie/documents/6351/248_V4_EMA_CO.pdf","alt_ast_uln_multiple|bilirubin_uln_multiple","",""
"00249","nccp-00249-v3","protocols/gynaecology/00249-intrathecal-methotrexate-for-cns-prophylaxis-in-gtn.json","Intrathecal Methotrexate for CNS Prophylaxis in GTN","false","not_formally_audited","","https://healthservice.hse.ie/documents/6352/249_V3_Intrathecal_Methotrexate.pdf","alt_ast_uln_multiple|bilirubin_uln_multiple","",""
"00250","nccp-00250-v8","protocols/breast/00250-docetaxel-cyclophosphamide.json","Docetaxel / Cyclophosphamide (TC) Therapy – 21 day","false","not_formally_audited","","https://healthservice.hse.ie/documents/6353/250_DOCEtaxel-cycloPHOS_TC.pdf","egfr|bilirubin_uln_multiple|alt_uln_multiple|breastfeeding","EXCLUSION_PREGNANCY_LACTATION|DOCETAXEL_HEPATIC|CYCLO_RENAL",""
"00251","nccp-00251-v6","protocols/breast/00251-carboplatin-q28d.json","Carboplatin AUC 4-6 Monotherapy - 28 day","false","not_formally_audited","","https://healthservice.hse.ie/documents/6355/251_CARBOplatin_AUC4-6_28days.pdf","breastfeeding|gfr|serum_creatinine_change_percent","EXCLUSION_PREG_LACT|GFR_20|GFR_20_30|CREAT_CHANGE",""
"00252","nccp-00252-v7","protocols/breast/00252-ac-doxorubicin-cyclophosphamide.json","Doxorubicin and Cyclophosphamide (AC 60/600) Therapy – 21 day","false","not_formally_audited","","https://healthservice.hse.ie/documents/6356/252_DOXO_cycloPHOS_AC.pdf","egfr|bilirubin_uln_multiple|alt_uln_multiple|breastfeeding|ast_uln_multiple","EXCLUSION_PREGNANCY_LACTATION|DOXO_BILI_HIGH|CYCLO_RENAL_LT10",""
"00253","nccp-00253-vcurrent","protocols/breast/00253-tamoxifen.json","Tamoxifen Monotherapy","false","not_formally_audited","","https://healthservice.hse.ie/documents/6357/253_Tamoxifen_Monotherapy.pdf","breastfeeding|severe_hepatic_impairment","TAM_BF|TAM_LIVER",""
"00254","nccp-00254-v5","protocols/breast/00254-anastrozole-monotherapy.json","Anastrozole Monotherapy","false","not_formally_audited","","https://healthservice.hse.ie/documents/6358/254_v5_Anastrazole.pdf","alt_grade|ast_grade|child_pugh_class","severe_hepatic_impairment_review",""
"00256","nccp-00256-v7","protocols/gastrointestinal/00256-nab-paclitaxel-gemcitabine.json","nab-Paclitaxel and Gemcitabine Therapy -28 day","false","not_formally_audited","","https://healthservice.hse.ie/documents/6360/256_v7_nab-PACLitaxel_and_Gemcitabine.pdf","bilirubin_uln_multiple|ast_uln_multiple","",""
"00257","nccp-00257-v8","protocols/genitourinary/00257-radium-223.json","Radium-223 Therapy","false","not_formally_audited","","https://healthservice.hse.ie/documents/6361/257_v8_Radium_223.pdf","visceral_metastases_or_nodes_ge3cm|unstabilised_fracture|high_fracture_risk_without_bone_plan","VISCERAL|FRACTURE",""
"00258","nccp-00258-v9","protocols/breast/00258-tch-docetaxel-carboplatin-trastuzumab.json","Docetaxel, Carboplatin and Trastuzumab (TCH) – 21 days","false","not_formally_audited","","https://healthservice.hse.ie/documents/6362/258_v9_TCH.pdf","","",""
"00259","nccp-00259-v6","protocols/breast/00259-vinorelbine-oral.json","Oral Vinorelbine Monotherapy - 7 days","false","not_formally_audited","","https://healthservice.hse.ie/documents/6363/259_Vinorelbine_Oral.pdf","breastfeeding|alt_uln_multiple|ast_uln_multiple|bilirubin_uln_multiple","EXCLUSION_PREG_LACT|HEP_BILI_GT3|HEP_BILI_15_3|HEP_TRANS_15_25",""
"00260","nccp-00260-v7","protocols/breast/00260-ac-followed-by-weekly-paclitaxel.json","AC 21-day followed by weekly Paclitaxel (AC-T)","false","not_formally_audited","","https://healthservice.hse.ie/documents/6364/260_v7_AC-T.pdf","","",""
"00261","nccp-00261-v7","protocols/breast/00261-carboplatin-q21d.json","Carboplatin AUC 4-6 Monotherapy - 21 day","false","not_formally_audited","","https://healthservice.hse.ie/documents/6366/261_CARBOplatinAUC4-6_21days.pdf","breastfeeding|gfr|serum_creatinine_change_percent","EXCLUSION_PREG_LACT|GFR_20|GFR_20_30|CREAT_CHANGE",""
"00262","nccp-00262-vcurrent","protocols/breast/00262-ec90.json","Epirubicin 90 and Cyclophosphamide (EC90)","false","not_formally_audited","","https://healthservice.hse.ie/documents/6367/262_EC90.pdf","","",""
"00263","nccp-00263-vcurrent","protocols/breast/00263-ec75.json","Epirubicin 75 and Cyclophosphamide (EC75)","false","not_formally_audited","","https://healthservice.hse.ie/documents/6368/263_EC75.pdf","","",""
"00264","nccp-00264-v3b","protocols/gynaecology/00264-ema-ep-therapy.json","EMA/EP Therapy","false","not_formally_audited","","https://healthservice.hse.ie/documents/6689/264_V3b_EMA_EP.pdf","alt_ast_uln_multiple|bilirubin_uln_multiple|cisplatin_renal_band","CIS_50_59|CIS_40_49|CIS_LT40",""
"00265","nccp-00265-v6b","protocols/breast/00265-fec100.json","5-Fluorouracil, Epirubicin 100 and Cyclophosphamide (FEC100)","false","not_formally_audited","","https://healthservice.hse.ie/documents/6690/265_v6b_FEC_100.pdf","","",""
"00266","nccp-00266-v4","protocols/gynaecology/00266-paclitaxel-etoposide-alternating-with-paclitaxel-cisplatin-te-tp-therapy.json","Paclitaxel/Etoposide alternating with Paclitaxel/Cisplatin (TE/TP) Therapy","false","not_formally_audited","","https://healthservice.hse.ie/documents/6691/266_V4_TP_TE.pdf","alt_ast_uln_multiple|bilirubin_uln_multiple|cisplatin_renal_band","CIS_50_59|CIS_40_49|CIS_LT40|TAXANE_LFT",""
"00267","nccp-00267-v4","protocols/gynaecology/00267-two-day-etoposide-and-cisplatin-ep-therapy.json","Two-day Etoposide and Cisplatin (EP) Therapy","false","not_formally_audited","","https://healthservice.hse.ie/documents/6692/267_V4_EP.pdf","alt_ast_uln_multiple|bilirubin_uln_multiple|cisplatin_renal_band","CIS_50_59|CIS_40_49|CIS_LT40",""
"00269","nccp-00269-v7a","protocols/breast/00269-fec50.json","5-Fluorouracil, Epirubicin 50 and Cyclophosphamide (FEC50)","false","not_formally_audited","","https://healthservice.hse.ie/documents/6693/269_v7a_FEC50.pdf","","",""
"00270","nccp-00270-v3a","protocols/haemato-oncology/plasma-cell/00270-bortezomib-dexamethasone.json","Bortezomib and dexamethasone Therapy","false","not_formally_audited","","https://healthservice.hse.ie/documents/6932/270_v3a_Bortezomib_Dex.pdf","crcl_ml_min|haemodialysis|bilirubin_ratio_uln","270_CRCL_BELOW20|270_HAEMODIALYSIS_TIMING|270_HEPATIC_STARTING_DOSE",""
"00271","nccp-00271-v7","protocols/lung/00271-carboplatin-etoposide.json","Carboplatin AUC 5 and Etoposide 100 mg/m² Therapy – 21 day","false","not_formally_audited","","https://healthservice.hse.ie/documents/6931/271_CarboplatinAUC5Etop100.pdf","egfr|bilirubin_uln_multiple|alt_uln_multiple|breastfeeding","EXCLUSION_PREGNANCY_LACTATION|CARBO_RENAL|ETO_HEPATIC",""
"00272","nccp-00272-v4","protocols/breast/00272-trastuzumab-sc-q21d-metastatic.json","Trastuzumab Subcutaneous 21 days – Metastatic Breast Cancer","false","not_formally_audited","","https://healthservice.hse.ie/documents/6694/272_v4_Trastuzumab_SC_21days_MBC.pdf","breastfeeding","EXCLUSION_PREGNANCY_BREASTFEEDING",""
"00273","nccp-00273-v3","protocols/haemato-oncology/plasma-cell/00273-cybord-21-day.json","Cyclophosphamide, Bortezomib and Dexamethasone (CyBorD) — 21 day","false","not_formally_audited","","https://healthservice.hse.ie/documents/6930/273_v3_Bortezomib_CycloDex.pdf","crcl_ml_min|haemodialysis|bilirubin_ratio_uln|breastfeeding","273_EXCLUSIONS|273_CYCLO_RENAL_10_20|273_CYCLO_RENAL_LT10|273_HEPATIC_BORTEZOMIB|273_DIALYSIS_BORTEZOMIB",""
"00275","nccp-00275-v3","protocols/haemato-oncology/plasma-cell/00275-bortezomib-melphalan-prednisolone.json","Bortezomib, Melphalan and Prednisolone Therapy","false","not_formally_audited","","https://healthservice.hse.ie/documents/6928/275_v3_bortezomibmelphpred.pdf","crcl_ml_min|haemodialysis|bilirubin_ratio_uln","275_MELPHALAN_CRCL20_50|275_MELPHALAN_CRCL10_19|275_MELPHALAN_CRCL_BELOW10|275_BORTEZOMIB_CRCL_BELOW20|275_HAEMODIALYSIS_TIMING|275_HEPATIC_BORTEZOMIB",""
"00278","nccp-00278-v7","protocols/breast/00278-dose-dense-ac-paclitaxel-14-day.json","Dose-dense AC followed by Paclitaxel 175 mg/m² every 14 days","false","not_formally_audited","","https://healthservice.hse.ie/documents/6696/278_v7_Dose_DenseAC-T_Pacli_14_day.pdf","","",""
"00279","nccp-00279-v7","protocols/shared/00279-cisplatin-75-mg-m2-etoposide-100-mg-m2-and-radiotherapy-21-day.json","Cisplatin 75 mg/m², Etoposide 100 mg/m² and Radiotherapy – 21 day","false","not_formally_audited","","https://healthservice.hse.ie/documents/6697/279_V7_Cisplatin_and_Etoposide_and_RT.pdf","breastfeeding|cisplatin_renal_band|etoposide_renal_band|bilirubin_uln_multiple","PREGNANCY_BREASTFEEDING|CISPLATIN_RENAL_45_59|CISPLATIN_RENAL_LT45|CISPLATIN_RENAL_LT30|CISPLATIN_DIALYSIS|ETOP_RENAL_15_49|ETOP_RENAL_LT15|ETOP_DIALYSIS|ETOP_BILI_HIGH",""
"00280","nccp-00280-v6","protocols/lung/00280-cisplatin-etoposide.json","Cisplatin 75 mg/m² and Etoposide 100 mg/m² Therapy – 21 day","false","not_formally_audited","","https://healthservice.hse.ie/documents/6927/280_V6_Cisplatin_and_Etoposide.pdf","egfr|bilirubin_uln_multiple|alt_uln_multiple|breastfeeding","EXCLUSION_PREGNANCY_LACTATION|CIS_RENAL_LT60",""
"00281","nccp-00281-v7","protocols/lung/00281-gemcitabine-cisplatin.json","Gemcitabine 1250 mg/m² and Cisplatin 75 mg/m² Therapy — 21 day","false","not_formally_audited","","https://healthservice.hse.ie/documents/6926/281_V7_GemCis75.pdf","pregnancy_or_breastfeeding|crcl_ml_min|bilirubin_micromol_l","PREGNANCY_LACTATION|CISPLATIN_CRCL_45_TO_59|CISPLATIN_CRCL_LT45|GEMCITABINE_CRCL_LT30|GEMCITABINE_BILIRUBIN_27_PLUS",""
"00282","nccp-00282-v5","protocols/genitourinary/00282-gemcitabine-and-cisplatin-70-mg-m-28-day.json","Gemcitabine and Cisplatin 70 mg/m² – 28 day","false","not_formally_audited","","https://healthservice.hse.ie/documents/6454/282_v5_GemCis_70_28days.pdf","alt_ast_uln_multiple|bilirubin_uln_multiple|cisplatin_renal_band","CIS_RENAL_50|CIS_RENAL_40|CIS_RENAL_LOW",""
"00283","nccp-00283-v6","protocols/gastrointestinal/00283-gemcitabine-1000-mg-m2-monotherapy-56-day.json","Gemcitabine 1000 mg/m² Monotherapy – 56 day","true","source_reconciled_rule_encoding","structured_rules","https://healthservice.hse.ie/documents/8389/283_Gem_Monotherapy_56day.pdf","breastfeeding|gemcitabine_renal_band|gemcitabine_bilirubin_band","PREGNANCY_OR_BREASTFEEDING|OF590_00283_GEM_RENAL_LT30|OF590_00283_GEM_BILI_GE27",""
"00284","nccp-00284-v5","protocols/shared/00284-gemcitabine-1000-mg-m2-monotherapy-28-day.json","Gemcitabine 1000 mg/m² Monotherapy – 28 day","true","source_reconciled_rule_encoding","structured_rules","https://healthservice.hse.ie/documents/6699/284_v5_Gemcitabine_Monotherapy_28_day.pdf","breastfeeding|gemcitabine_renal_band|gemcitabine_bilirubin_band","PREGNANCY_OR_BREASTFEEDING|OF590_00284_GEM_RENAL_LT30|OF590_00284_GEM_BILI_GE27",""
"00285","nccp-00285-v4","protocols/breast/00285-trastuzumab-sc-q21d-ebc.json","Trastuzumab Subcutaneous 21 days – Early Breast Cancer","false","not_formally_audited","","https://healthservice.hse.ie/documents/6700/285_v4_Trastuzumab_SC_21days_EBC.pdf","breastfeeding","EXCLUSION_PREGNANCY_BREASTFEEDING",""
"00294","nccp-00294-v4","protocols/gastrointestinal/00294-sorafenib-therapy.json","Sorafenib Therapy","true","source_reconciled_rule_encoding","structured_rules","https://healthservice.hse.ie/documents/6704/294_v4_SORAfenib.pdf","breastfeeding|diastolic_bp_mmhg|gi_perforation_or_fistula|alt_ast_uln_multiple|bilirubin_uln_multiple|sorafenib_renal_band|child_pugh_class","PREGNANCY_OR_BREASTFEEDING|UNCONTROLLED_HYPERTENSION|ORAL_TARGETED_LFT_REVIEW|ORAL_TARGETED_BILIRUBIN_REVIEW|OF590_00294_SORA_20_39|OF590_00294_SORA_LT20|OF590_00294_SORA_CHILD_C",""
"00295","nccp-00295-v6","protocols/head-neck/00295-lenvatinib-dtc-therapy.json","Lenvatinib DTC Therapy","false","not_formally_audited","","https://healthservice.hse.ie/documents/6951/295_V6_lenvatinib-DTC_therapy.pdf","alt_ast_uln_multiple|bilirubin_uln_multiple|breastfeeding|diastolic_bp","TKI_BP_DIA",""
"00299","nccp-00299-v3a","protocols/haemato-oncology/plasma-cell/00299-modified-weekly-cybord.json","Modified CyBorD — weekly therapy","false","not_formally_audited","","https://healthservice.hse.ie/documents/6925/299_v3a_bortezomib_CYCLO_Dex_weekly.pdf","crcl_ml_min|haemodialysis|bilirubin_ratio_uln|breastfeeding","299_EXCLUSIONS|299_CYCLO_RENAL_10_20|299_CYCLO_RENAL_LT10|299_HEPATIC_BORTEZOMIB|299_DIALYSIS_BORTEZOMIB",""
"00300","nccp-00300-v7b","protocols/gynaecology/00300-bleomycin-etoposide-and-cisplatin-bep-therapy.json","Bleomycin, Etoposide and Cisplatin (BEP) Therapy","false","not_formally_audited","","https://healthservice.hse.ie/documents/6706/300_V7b_BEP.pdf","alt_ast_uln_multiple|bilirubin_uln_multiple|cisplatin_renal_band","CIS_50_59|CIS_40_49|CIS_LT40",""
"00301","nccp-00301-v5","protocols/gynaecology/00301-etoposide-and-cisplatin-20-mg-m-ep-5-day-therapy.json","Etoposide and Cisplatin 20 mg/m² (EP) 5-day Therapy","false","not_formally_audited","","https://healthservice.hse.ie/documents/6707/301_V5_EP.pdf","alt_ast_uln_multiple|bilirubin_uln_multiple|cisplatin_renal_band","CIS_50_59|CIS_40_49|CIS_LT40",""
"00303","nccp-00303-v6","protocols/gynaecology/00303-carboplatin-paclitaxel-21-day.json","Carboplatin AUC 5–7.5 and Paclitaxel 175 mg/m² Therapy – 21 day","false","not_formally_audited","","https://healthservice.hse.ie/documents/6709/303_V6_CARBOplatin_AUC5-7.5_PACLitaxel_175.pdf","egfr|bilirubin_uln_multiple|alt_uln_multiple|breastfeeding","EXCLUSION_PREGNANCY_LACTATION|CARBO_RENAL|PACLITAXEL_HEPATIC",""
"00304","nccp-00304-v8","protocols/lung/00304-carboplatin-paclitaxel.json","Carboplatin AUC 6 and Paclitaxel 200 mg/m² Therapy","false","not_formally_audited","","https://healthservice.hse.ie/documents/6924/304_V8_CARBOplatinAUC_6_PACLitaxel_200.pdf","pregnancy_or_breastfeeding|gfr_ml_min|transaminases_uln_multiple|bilirubin_uln_multiple","PREGNANCY_LACTATION|CARBOPLATIN_GFR_20_OR_LESS|CARBOPLATIN_GFR_20_TO_30|PACLITAXEL_HEPATIC_75|PACLITAXEL_HEPATIC_50|PACLITAXEL_HEPATIC_CONTRAINDICATED",""
"00306","nccp-00306-v7","protocols/gynaecology/00306-gemcitabine-carboplatin.json","Gemcitabine 1000 mg/m² and Carboplatin AUC 4 Therapy — 21 day","false","not_formally_audited","","https://healthservice.hse.ie/documents/6710/306_Gem_CARBOAUC_4_.pdf","gfr_ml_min|bilirubin_micromol_l|haemodialysis|pregnancy_or_breastfeeding","PREGNANCY_LACTATION|CARBOPLATIN_GFR_20_OR_LESS|CARBOPLATIN_GFR_20_TO_30|GEMCITABINE_BILIRUBIN_27_PLUS|HAEMODIALYSIS_TIMING",""
"00308","nccp-00308-v7","protocols/gynaecology/00308-carboplatin-auc-6-and-weekly-paclitaxel-80-mg-m-therapy.json","Carboplatin AUC 6 and Weekly Paclitaxel 80 mg/m² Therapy","false","not_formally_audited","","https://healthservice.hse.ie/documents/6712/308_V7_CARBOplatin_AUC6_PACLitaxel80.pdf","alt_ast_uln_multiple|bilirubin_uln_multiple|gfr_or_crcl_ml_min","CARBO_GFR_LOW|TAXANE_LFT",""
"00309","nccp-00309-v6","protocols/lung/00309-weekly-carboplatin-auc2-and-paclitaxel-50-mg-m2-with-radiotherapy.json","Weekly Carboplatin AUC2 and Paclitaxel 50 mg/m² with Radiotherapy","false","not_formally_audited","","https://healthservice.hse.ie/documents/6923/309_V6_CARBOplatinAUC2_and_PACLitaxel50_with_RT.pdf","breastfeeding|gfr_crcl_ml_min|bilirubin_uln_multiple|alt_ast_uln_multiple","PREGNANCY_BREASTFEEDING|CARBO_GFR_20_OR_LESS|CARBO_GFR_20_30|PACLITAXEL_BILI_GT3",""
"00310","nccp-00310-v7","protocols/lung/00310-gemcitabine-carboplatin.json","Gemcitabine 1000 mg/m² and Carboplatin AUC 5 Therapy — 21 day","false","not_formally_audited","","https://healthservice.hse.ie/documents/6713/310_v7_GemCARBOAUC_5.pdf","pregnancy_or_breastfeeding|gfr_ml_min|bilirubin_micromol_l|haemodialysis","PREGNANCY_LACTATION|CARBOPLATIN_GFR_20_OR_LESS|CARBOPLATIN_GFR_20_TO_30|GEMCITABINE_BILIRUBIN_27_PLUS|HAEMODIALYSIS_TIMING",""
"00311","nccp-00311-v4","protocols/shared/00311-topotecan-monotherapy-5-day.json","Topotecan Monotherapy – 5 day","true","source_reconciled_rule_encoding","structured_rules","https://healthservice.hse.ie/documents/6714/311_v4_Topotecan_Monotherapy_5day.pdf","breastfeeding|topotecan_renal_band|topotecan_bilirubin_band","PREGNANCY_BREASTFEEDING|TOPO_RENAL_20_39|TOPO_RENAL_LT20|TOPO_DIALYSIS|OF590_00311_TOPO_IV_20_39|OF590_00311_TOPO_IV_LT20|OF590_00311_TOPO_IV_BILI_GT171",""
"00312","nccp-00312-v5","protocols/gynaecology/00312-topotecan-monotherapy-weekly.json","Topotecan Monotherapy – Weekly","false","not_formally_audited","","https://healthservice.hse.ie/documents/6715/312__V5_Topotecan_Monotherapy_weekly.pdf","alt_ast_uln_multiple|bilirubin_uln_multiple|topotecan_renal_band","TOPO_RENAL|TOPO_RENAL_LOW",""
"00313","nccp-00313-v5","protocols/genitourinary/00313-docetaxel-50-q14d.json","Docetaxel Monotherapy 50 mg/m² – 14 day cycle","false","not_formally_audited","","https://healthservice.hse.ie/documents/6716/313_v5_Docetaxel_50-14day.pdf","hepatic_band","HEPATIC_75|HEPATIC_50|HEPATIC_STOP",""
"00314","nccp-00314-v4b","protocols/head-neck/00314-cisplatin-and-5-fluorouracil-28-day.json","Cisplatin and 5-Fluorouracil – 28 day","false","not_formally_audited","","https://healthservice.hse.ie/documents/6955/314_V4b_Cisplatin_and_5-Fluorouracil.pdf","alt_ast_uln_multiple|bilirubin_uln_multiple|breastfeeding|cisplatin_crcl_band|bilirubin_umol_l|ast_u_l","CIS_RENAL_50_59|CIS_RENAL_40_49|CIS_RENAL_LOW|5FU_HEPATIC|5FU_AST",""
"00315","nccp-00315-v7a","protocols/head-neck/00315-docetaxel-75-cisplatin-75-and-5-fluorouracil-1000-induction-tpf.json","Docetaxel 75, Cisplatin 75 and 5-Fluorouracil 1000 – Induction TPF","false","not_formally_audited","","https://healthservice.hse.ie/documents/6956/315_DOCEtaxel_CISplatin_5FU_TPF_1.pdf","alt_ast_uln_multiple|bilirubin_uln_multiple|breastfeeding|cisplatin_crcl_band|bilirubin_umol_l|ast_u_l","CIS_RENAL_50_59|CIS_RENAL_40_49|CIS_RENAL_LOW|5FU_HEPATIC|5FU_AST|DOC_BILI",""
"00316","nccp-00316-v6","protocols/breast/00316-ddac-paclitaxel-14-day-trastuzumab.json","Dose-dense AC followed by Paclitaxel every 14 days and Trastuzumab","false","not_formally_audited","","https://healthservice.hse.ie/documents/6717/316_v6_Dose_Dense_AC-TH.pdf","","",""
"00317","nccp-00317-v7","protocols/lung/00317-pemetrexed-cisplatin.json","Pemetrexed 500 mg/m² and Cisplatin 75 mg/m² Therapy","false","not_formally_audited","","https://healthservice.hse.ie/documents/6922/317_V7_PEMEtrexed_and_CISplatin.pdf","pregnancy_or_breastfeeding|crcl_ml_min|haemodialysis|severe_hepatic_impairment","PREGNANCY_LACTATION|PEMETREXED_CRCL_LT45|CISPLATIN_CRCL_50_TO59|CISPLATIN_CRCL_40_TO49|CISPLATIN_CRCL_LT40|HAEMODIALYSIS|SEVERE_HEPATIC_IMPAIRMENT",""
"00318","nccp-00318-v6","protocols/lung/00318-pemetrexed-and-carboplatin-therapy.json","Pemetrexed and Carboplatin Therapy","true","source_reconciled_rule_encoding","structured_rules","https://healthservice.hse.ie/documents/6921/318_V6_PEMEtrexed_and_CARBOplatin.pdf","breastfeeding|gfr_crcl_ml_min|pemetrexed_renal_band|pemetrexed_severe_hepatic","PREGNANCY_BREASTFEEDING|CARBO_GFR_20_OR_LESS|CARBO_GFR_20_30|PEME_RENAL_30_44|PEME_RENAL_LT30|PEME_DIALYSIS|OF590_00318_PEME_LT45|OF590_00318_PEME_HEP_SEV|OF590_00318_CARBO_LE20|OF590_00318_CARBO_21_30",""
"00319","nccp-00319-v5","protocols/lung/00319-carboplatin-and-oral-etoposide-therapy-21-day.json","Carboplatin and Oral Etoposide Therapy – 21 day","false","not_formally_audited","","https://healthservice.hse.ie/documents/6920/319_V5_CarboplatinEtoposide_21days.pdf","breastfeeding|gfr_crcl_ml_min|etoposide_renal_band|bilirubin_uln_multiple","PREGNANCY_BREASTFEEDING|CARBO_GFR_20_OR_LESS|CARBO_GFR_20_30|ETOP_RENAL_15_49|ETOP_RENAL_LT15|ETOP_DIALYSIS|ETOP_BILI_HIGH",""
"00320","nccp-00320-v6","protocols/shared/00320-everolimus-monotherapy.json","Everolimus Monotherapy","true","source_reconciled_rule_encoding","structured_rules","https://healthservice.hse.ie/documents/6718/320_Everolimus.pdf","breastfeeding|alt_ast_uln_multiple|bilirubin_uln_multiple|child_pugh_class","PREGNANCY_OR_BREASTFEEDING|ORAL_TARGETED_LFT_REVIEW|ORAL_TARGETED_BILIRUBIN_REVIEW|OF590_00320_EVEROLIMUS_CHILD_A|OF590_00320_EVEROLIMUS_CHILD_B|OF590_00320_EVEROLIMUS_CHILD_C",""
"00321","nccp-00321-v9","protocols/gastrointestinal/00321-xelox-capox.json","Capecitabine and Oxaliplatin Therapy (XELOX)","false","not_formally_audited","","https://healthservice.hse.ie/documents/6719/321_v9_XELOX_.pdf","breastfeeding|crcl_ml_min|haemodialysis|bilirubin_ratio_uln|alt_ast_ratio_uln","EXCLUSION_PREGNANCY_OR_BREASTFEEDING|RENAL_CAPECITABINE_30_50|RENAL_BELOW_30|RENAL_HAEMODIALYSIS|HEPATOTOXICITY_HOLD",""
"00322","nccp-00322-v4","protocols/breast/00322-everolimus-exemestane.json","Everolimus and Exemestane Therapy","false","not_formally_audited","","https://healthservice.hse.ie/documents/6720/322_v4_Everolimus_and_Exemestane.pdf","alt_grade|ast_grade|child_pugh_class","severe_hepatic_impairment_review",""
"00323","nccp-00323-v7b","protocols/head-neck/00323-docetaxel-75-cisplatin-100-and-5-fluorouracil-1000-tcf-chemoradiation.json","Docetaxel 75, Cisplatin 100 and 5-Fluorouracil 1000 (TCF) Chemoradiation","false","not_formally_audited","","https://healthservice.hse.ie/documents/6957/323_V7b_DOCEtaxel_75_CISplatin_100_and_5-Fluorouracil_1000_Chemoradiation_Therapy_TCF.pdf","alt_ast_uln_multiple|bilirubin_uln_multiple|breastfeeding|gfr_or_crcl_ml_min|cisplatin_crcl_band|bilirubin_umol_l|ast_u_l","CARBO_GFR_LE20|CIS_RENAL_50_59|CIS_RENAL_40_49|CIS_RENAL_LOW|5FU_HEPATIC|5FU_AST|DOC_BILI",""
"00324","nccp-00324-v6b","protocols/head-neck/00324-docetaxel-75-cisplatin-75-5-fluorouracil-750-tcf-and-radiotherapy.json","Docetaxel 75, Cisplatin 75, 5-Fluorouracil 750 (TCF) and Radiotherapy","false","not_formally_audited","","https://healthservice.hse.ie/documents/6958/324_V6b_DOCEtaxel_75_CISplatin_75_5-Fluorouracil_750_TCF_and_RT.pdf","alt_ast_uln_multiple|bilirubin_uln_multiple|breastfeeding|cisplatin_crcl_band|bilirubin_umol_l|ast_u_l","CIS_RENAL_50_59|CIS_RENAL_40_49|CIS_RENAL_LOW|5FU_HEPATIC|5FU_AST|DOC_BILI",""
"00325","nccp-00325-v6","protocols/shared/00325-sunitinib-50-mg-therapy-42-day.json","Sunitinib 50 mg Therapy – 42 day","true","source_reconciled_rule_encoding","structured_rules","https://healthservice.hse.ie/documents/6721/325_v6_SUNitinib_50mg_42_days.pdf","breastfeeding|alt_ast_uln_multiple|bilirubin_uln_multiple|sunitinib_renal_band|child_pugh_class","PREGNANCY_BREASTFEEDING|TKI_LIVER_3|TKI_LIVER_5|TKI_BILI|OF590_00325_SUNITINIB_CHILD_C",""
"00326","nccp-00326-v4","protocols/genitourinary/00326-temsirolimus-therapy.json","Temsirolimus Therapy","false","not_formally_audited","","https://healthservice.hse.ie/documents/6772/326_v4_Temsirolimus.pdf","alt_ast_uln_multiple|bilirubin_uln_multiple|fasting_glucose_mmol_l","",""
"00327","nccp-00327-v5","protocols/neuroendocrine/00327-sunitinib-37-5-mg-therapy-28-day.json","Sunitinib 37.5 mg Therapy – 28 day","false","not_formally_audited","","https://healthservice.hse.ie/documents/6919/327_V5_SUNitinib_37.5mg.pdf","breastfeeding|child_pugh_class","SUN327_PREGNANCY_BF|SUN327_CHILD_PUGH_C",""
"00328","nccp-00328-v7","protocols/gastrointestinal/00328-cetuximab-7-day-and-folfiri-14-day-therapy.json","Cetuximab (7 day) and FOLFIRI (14 day) Therapy","true","source_reconciled_rule_encoding","structured_rules","https://healthservice.hse.ie/documents/6773/328_Cetuximab_7_days_plus_FOLFIRI_14_Days.pdf","breastfeeding|bilirubin_uln_multiple|irinotecan_renal_band|irinotecan_bilirubin_uln|fluorouracil_renal_impairment|fluorouracil_bilirubin_umol_l|fluorouracil_ast_u_l|fluorouracil_hepatic_impairment","PREGNANCY_OR_BREASTFEEDING|IRINOTECAN_BILIRUBIN_OVER_3ULN|OF590_00328_IRINO_DIALYSIS|OF590_00328_IRINO_BILI_1_5_3|OF590_00328_IRINO_BILI_GT3|OF590_00328_5FU_RENAL_SEVERE|OF590_00328_5FU_BILI_GT85|OF590_00328_5FU_AST_GT180|OF590_00328_5FU_HEP_MOD|OF590_00328_5FU_HEP_SEV",""
"00329","nccp-00329-v9","protocols/gastrointestinal/00329-folfirinox.json","FOLFIRINOX Therapy","false","not_formally_audited","","https://healthservice.hse.ie/documents/6774/329_v9_FOLFIRINOX.pdf","breastfeeding|haemodialysis|crcl_ml_min|bilirubin_ratio_uln|bilirubin_umol_l|ast_u_l|hepatic_impairment_severity","EXCLUSION_PREGNANCY_BREASTFEEDING|RENAL_SEVERE_EXCLUSION|OXALIPLATIN_RENAL_LT30|HAEMODIALYSIS_REVIEW|IRINOTECAN_BILI_GT3ULN|FIVEFU_HEPATIC_CONTRAINDICATED|FIVEFU_MODERATE_HEPATIC|FIVEFU_SEVERE_HEPATIC|PROCEED_NO_ENCODED_MODIFICATION",""
"00330","nccp-00330-v6","protocols/gastrointestinal/00330-cetuximab-7-day-and-irinotecan-14-day-therapy.json","Cetuximab (7 day) and Irinotecan (14 day) Therapy","true","source_reconciled_rule_encoding","structured_rules","https://healthservice.hse.ie/documents/6785/330_v6_Cetuximab_7days_irinotecan_14_day.pdf","breastfeeding|bilirubin_uln_multiple|irinotecan_renal_band|irinotecan_bilirubin_uln","PREGNANCY_OR_BREASTFEEDING|IRINOTECAN_BILIRUBIN_OVER_3ULN|OF590_00330_IRINO_DIALYSIS|OF590_00330_IRINO_BILI_1_5_3|OF590_00330_IRINO_BILI_GT3",""
"00331","nccp-00331-v7","protocols/gastrointestinal/00331-cetuximab-14-day-and-irinotecan-14-day-therapy.json","Cetuximab (14 day) and Irinotecan (14 day) Therapy","true","source_reconciled_rule_encoding","structured_rules","https://healthservice.hse.ie/documents/6786/331_v7_Cetuximab_14days_irinotecan_14_day.pdf","breastfeeding|bilirubin_uln_multiple|irinotecan_renal_band|irinotecan_bilirubin_uln","PREGNANCY_OR_BREASTFEEDING|IRINOTECAN_BILIRUBIN_OVER_3ULN|OF590_00331_IRINO_DIALYSIS|OF590_00331_IRINO_BILI_1_5_3|OF590_00331_IRINO_BILI_GT3",""
"00332","nccp-00332-v4","protocols/head-neck/00332-carboplatin-auc-1-5-chemoradiation-7-day.json","Carboplatin AUC 1.5 Chemoradiation – 7 day","false","not_formally_audited","","https://healthservice.hse.ie/documents/6959/332_V4_Carboplatin_AUC1.5.pdf","alt_ast_uln_multiple|bilirubin_uln_multiple|breastfeeding|gfr_or_crcl_ml_min","CARBO_GFR_LE20",""
"00333","nccp-00333-v5a","protocols/genitourinary/00333-dose-dense-methotrexate-vinblastine-doxorubicin-and-cisplatin-mvac-14-day.json","Dose-dense Methotrexate, Vinblastine, Doxorubicin and Cisplatin (MVAC) – 14 day","false","not_formally_audited","","https://healthservice.hse.ie/documents/6787/333_v5a_MVAC_14_day.pdf","alt_ast_uln_multiple|bilirubin_uln_multiple|cisplatin_renal_band","CIS_RENAL_50|CIS_RENAL_40|CIS_RENAL_LOW",""
"00334","nccp-00334-v4","protocols/neuro-oncology/00334-temozolomide-with-radiotherapy-and-adjuvant-therapy.json","Temozolomide with Radiotherapy and Adjuvant Therapy","false","not_formally_audited","","https://healthservice.hse.ie/documents/6960/334_V4_Temozolomide_RT_and_Adjuvant_Therapy.pdf","breastfeeding|temozolomide_renal_band|hepatic_impairment_band","BREASTFEEDING|TMZ_RENAL_LT36|TMZ_CHILD_PUGH",""
"00335","nccp-00335-v4","protocols/sarcoma/00335-imatinib-therapy-gist.json","Imatinib Therapy – GIST","true","source_reconciled_rule_encoding","structured_rules","https://healthservice.hse.ie/documents/6727/335_v4_Imatinib.pdf","breastfeeding|alt_ast_uln_multiple|bilirubin_uln_multiple|imatinib_renal_status","PREGNANCY_BREASTFEEDING|IMAT_BILI_GT3|IMAT_TRANS_GT5|OF590_00335_IMATINIB_LFT_HOLD",""
"00337","nccp-00337-v5","protocols/genitourinary/00337-cisplatin-methotrexate-and-vinblastine-cmv-therapy.json","Cisplatin, Methotrexate and Vinblastine (CMV) Therapy","false","not_formally_audited","","https://healthservice.hse.ie/documents/6798/337_v5_CISplatin_Methotrexate_vinBLAStine_therapy_CMV.pdf","alt_ast_uln_multiple|bilirubin_uln_multiple|cisplatin_renal_band","CIS_RENAL_50|CIS_RENAL_40|CIS_RENAL_LOW",""
"00338","nccp-00338-v5","protocols/genitourinary/00338-methotrexate-vinblastine-doxorubicin-and-cisplatin-mvac-28-day.json","Methotrexate, Vinblastine, Doxorubicin and Cisplatin (MVAC) – 28 day","false","not_formally_audited","","https://healthservice.hse.ie/documents/6799/338_v5_MVAC_28_day.pdf","alt_ast_uln_multiple|bilirubin_uln_multiple|cisplatin_renal_band","CIS_RENAL_50|CIS_RENAL_40|CIS_RENAL_LOW",""
"00339","nccp-00339-v7","protocols/lung/00339-vinorelbine-days-1-8-15-and-cisplatin-day-1-21-day.json","Vinorelbine Days 1, 8, 15 and Cisplatin Day 1 – 21 day","false","not_formally_audited","","https://healthservice.hse.ie/documents/6918/339_Vin_30CIS_80.pdf","breastfeeding|cisplatin_renal_band|bilirubin_uln_multiple|alt_ast_uln_multiple","PREGNANCY_BREASTFEEDING|CISPLATIN_RENAL_45_59|CISPLATIN_RENAL_LT45|CISPLATIN_RENAL_LT30|CISPLATIN_DIALYSIS|VIN_BILI_1_5_3|VIN_BILI_GT3",""
"00340","nccp-00340-v4","protocols/lung/00340-ceritinib-monotherapy.json","Ceritinib Monotherapy","true","source_reconciled_rule_encoding","structured_rules","https://healthservice.hse.ie/documents/6917/340_Ceritinib_monotherapy.pdf","breastfeeding|alt_ast_uln_multiple|bilirubin_uln_multiple|targeted_renal_band|targeted_hepatic_band","PREGNANCY_BREASTFEEDING|TARGET_HEPATITIS|OF590_00340_CERI_RENAL|OF590_00340_CERI_CHILD_C",""
"00342","nccp-00342-v4","protocols/neuro-oncology/00342-temozolomide-recurrent-therapy.json","Temozolomide Recurrent Therapy","false","not_formally_audited","","https://healthservice.hse.ie/documents/6961/342_V4_Temozolomide_Recurrent_Therapy_.pdf","breastfeeding|temozolomide_renal_band|hepatic_impairment_band","BREASTFEEDING|TMZ_RENAL_LT36|TMZ_CHILD_PUGH",""
"00343","nccp-00343-v7","protocols/lung/00343-vinorelbine-and-cisplatin-therapy-28-day.json","Vinorelbine and Cisplatin Therapy – 28 day","false","not_formally_audited","","https://healthservice.hse.ie/documents/6916/343_V7_Vin25Cis50.pdf","breastfeeding|cisplatin_renal_band|bilirubin_uln_multiple|alt_ast_uln_multiple","PREGNANCY_BREASTFEEDING|CISPLATIN_RENAL_45_59|CISPLATIN_RENAL_LT45|CISPLATIN_RENAL_LT30|CISPLATIN_DIALYSIS|VIN_BILI_1_5_3|VIN_BILI_GT3",""
"00344","nccp-00344-v9","protocols/gastrointestinal/00344-flot-therapy-14-day.json","FLOT Therapy – 14 day","false","not_formally_audited","","https://healthservice.hse.ie/documents/6800/344_FLOT_OGsG2fX.pdf","breastfeeding|oxaliplatin_renal_band|alt_ast_uln_multiple|bilirubin_uln_multiple","PREGNANCY_OR_BREASTFEEDING|OXALIPLATIN_SEVERE_RENAL|OXALIPLATIN_DIALYSIS|TAXANE_LIVER_REVIEW",""
"00348","nccp-00348-v8a","protocols/breast/00348-carbo-auc6-paclitaxel-ddac.json","Carboplatin AUC 6 and weekly Paclitaxel followed by dose-dense AC","false","not_formally_audited","","https://healthservice.hse.ie/documents/6812/348_Carboplatin_AUC_6_and_weekly_Paclitaxel_80mgm2.pdf","crcl_ml_min|gfr_ml_min|haemodialysis|alt_ratio_uln|bilirubin_ratio_uln|bilirubin_umol_l|child_pugh_class","PACLITAXEL_HEPATIC_80|PACLITAXEL_HEPATIC_60|PACLITAXEL_HEPATIC_40|PACLITAXEL_HEPATIC_CONTRAINDICATED|CYCLOPHOSPHAMIDE_RENAL_FULL|CYCLOPHOSPHAMIDE_RENAL_75|CYCLOPHOSPHAMIDE_RENAL_AVOID|DOXORUBICIN_RENAL_STANDARD|DOXORUBICIN_RENAL_LT10|DOXORUBICIN_HAEMODIALYSIS|DOXORUBICIN_HEPATIC_50|DOXORUBICIN_HEPATIC_25|DOXORUBICIN_HEPATIC_NOT_RECOMMENDED|CARBOPLATIN_GFR_EXTREME_CAUTION|CARBOPLATIN_GFR_DO_NOT_ADMINISTER",""
"00350","nccp-00350-v3","protocols/breast/00350-pertuzumab-trastuzumab-chemotherapy.json","Pertuzumab and Trastuzumab with Chemotherapy","false","not_formally_audited","","https://healthservice.hse.ie/documents/6813/350_v3_Pertuzumab_Trastuz_Chemo.pdf","gfr_ml_min|bilirubin_abnormal|alt_ast_uln_multiple|breastfeeding","EXCLUSION_PREGNANCY_BREASTFEEDING|GFR_20_OR_LESS|GFR_20_TO30|BILIRUBIN_ABNORMAL|DOCETAXEL_HEPATIC_REDUCE_A|DOCETAXEL_HEPATIC_REDUCE_B|DOCETAXEL_HEPATIC_DELAY|DOCETAXEL_HEPATIC_UNLISTED_HIGH_TRANSAMINASES|DOCETAXEL_HEPATIC_UNLISTED_HIGH_ALP",""
"00353","nccp-00353-v5","protocols/lung/00353-osimertinib-monotherapy.json","Osimertinib Monotherapy","true","source_reconciled_rule_encoding","structured_rules","https://healthservice.hse.ie/documents/6914/353_V5_Osimertinib_Monotherapy.pdf","breastfeeding|alt_ast_uln_multiple|bilirubin_uln_multiple|targeted_renal_band|targeted_hepatic_band","PREGNANCY_BREASTFEEDING|TARGET_HEPATITIS|OF590_00353_OSI_HEP_SEV",""
"00361","nccp-00361-vcurrent","protocols/breast/00361-fulvestrant-monotherapy.json","Fulvestrant Monotherapy","false","not_formally_audited","","https://healthservice.hse.ie/documents/6816/361_Fulvestrant_Therapy.pdf","alt_grade|ast_grade|child_pugh_class","severe_hepatic_impairment_review",""
"00371","nccp-00371-vcurrent","protocols/breast/00371-letrozole-monotherapy.json","Letrozole Monotherapy","false","not_formally_audited","","https://healthservice.hse.ie/documents/6817/371_Letrozole_.pdf","alt_grade|ast_grade|child_pugh_class","severe_hepatic_impairment_review",""
"00372","nccp-00372-v6","protocols/lung/00372-nintedanib-therapy-with-docetaxel.json","Nintedanib Therapy with Docetaxel","true","source_reconciled_rule_encoding","structured_rules","https://healthservice.hse.ie/documents/6913/372_Nintedanib_therapy.pdf","breastfeeding|bilirubin_uln_multiple|alt_ast_uln_multiple|nintedanib_renal_band|nintedanib_child_pugh|alp_uln_multiple|docetaxel_hepatic_band","PREGNANCY_BREASTFEEDING|DOCETAXEL_BILI_HIGH|NINT_LFT_3|OF590_00372_NINT_RENAL|OF590_00372_NINT_HEP|OF590_00372_NINT_LFT_STOP|OF590_00372_NINT_LFT_HOLD|OF590_00372_DOC_HEP_75|OF590_00372_DOC_HEP_STOP",""
"00373","nccp-00373-v3","protocols/skin/00373-cobimetinib-and-vemurafenib-therapy.json","Cobimetinib and Vemurafenib Therapy","false","not_formally_audited","","https://healthservice.hse.ie/documents/6728/373_V3_Cobimetinib_and_Vemurafenib.pdf","breastfeeding|alt_ast_uln_multiple|bilirubin_uln_multiple","BREASTFEEDING",""
"00374","nccp-00374-v4","protocols/sarcoma/00374-trabectedin-monotherapy.json","Trabectedin Monotherapy","false","not_formally_audited","","https://healthservice.hse.ie/documents/6729/374_Trabectedin_monotherapy.pdf","breastfeeding|alt_ast_uln_multiple|bilirubin_uln_multiple|alp_uln_multiple|trabectedin_renal_band|hepatic_impairment_band","PREGNANCY_BREASTFEEDING|BILI|ASTALT|ALP|HD|HEP_MOD|HEP_SEV",""
"00375","nccp-00375-v6","protocols/gynaecology/00375-trabectedin-and-pegylated-liposomal-doxorubicin-therapy.json","Trabectedin and Pegylated Liposomal Doxorubicin Therapy","false","not_formally_audited","","https://healthservice.hse.ie/documents/6818/375_Trabectedin_and_PLD_therapy.pdf","alt_ast_uln_multiple|bilirubin_uln_multiple","TRAB_LFT",""
"00376","nccp-00376-vcurrent","protocols/breast/00376-exemestane-monotherapy.json","Exemestane Monotherapy","false","not_formally_audited","","https://healthservice.hse.ie/documents/6568/376_Exemestane_therapy.pdf","alt_grade|ast_grade|child_pugh_class","severe_hepatic_impairment_review",""
"00377","nccp-00377-v6","protocols/breast/00377-cmf-oral.json","Cyclophosphamide (oral), Methotrexate and 5-Fluorouracil (CMF)","false","not_formally_audited","","https://healthservice.hse.ie/documents/6337/377_v6_CMF_oral.pdf","","",""
"00378","nccp-00378-v6","protocols/breast/00378-cmf-iv-28-day.json","Cyclophosphamide (IV), Methotrexate and 5-Fluorouracil (CMF) – 28 day","false","not_formally_audited","","https://healthservice.hse.ie/documents/6344/378_v6_cycloPHOSphamideIV_Methotrexate_5-FU_CMF.pdf","","",""
"00379","nccp-00379-v4","protocols/neuro-oncology/00379-procarbazine-lomustine-and-vincristine-pcv-therapy-42-day.json","Procarbazine, Lomustine and Vincristine (PCV) Therapy – 42 Day","false","not_formally_audited","","https://healthservice.hse.ie/documents/6971/379_V4_PCV.pdf","breastfeeding|lomustine_renal_band|procarbazine_renal_band|bilirubin_umol_l|ast_alt_u_l","BREASTFEEDING|LOM_45_60|LOM_30_44|LOM_LT30|PROC_CR_GT177|PROC_RENAL_SEVERE|PROC_BILI_GT50|PROC_HEPATIC_CONTRA|VIN_HEPATIC_50_A|VIN_HEPATIC_50_B|VIN_HEPATIC_OMIT",""
"00380","nccp-00380-v6","protocols/gastrointestinal/00380-ecx-epirubicin-cisplatin-and-capecitabine-therapy.json","ECX: Epirubicin, Cisplatin and Capecitabine Therapy","true","source_reconciled_rule_encoding","structured_rules","https://healthservice.hse.ie/documents/6345/380_v6_ECX_.pdf","breastfeeding|cisplatin_crcl_band|capecitabine_renal_band|capecitabine_bilirubin_uln|capecitabine_alt_ast_uln|epirubicin_bilirubin_umol_l|epirubicin_ast_uln","PREGNANCY_OR_BREASTFEEDING|CISPLATIN_CRCL_45_59|CISPLATIN_CRCL_LT45|CISPLATIN_DIALYSIS|OF590_00380_CAPE_RENAL_30_50|OF590_00380_CAPE_RENAL_LT30|OF590_00380_CAPE_HEPATIC_HOLD|OF590_00380_CIS_50_59|OF590_00380_CIS_40_49|OF590_00380_CIS_LT40|OF590_00380_CIS_DIALYSIS|OF590_00380_EPI_REDUCE50|OF590_00380_EPI_REDUCE25|OF590_00380_EPI_NOT_RECOMMENDED",""
"00381","nccp-00381-v6","protocols/breast/00381-cmf-iv-21-day.json","Cyclophosphamide (IV), Methotrexate and 5-Fluorouracil (CMF) – 21 day","false","not_formally_audited","","https://healthservice.hse.ie/documents/6346/381_v6_CMF_IV_21_Day.pdf","","",""
"00382","nccp-00382-v3","protocols/gastrointestinal/00382-trifluridine-tipiracil.json","Trifluridine and Tipiracil (Lonsurf®) Therapy","false","not_formally_audited","","https://healthservice.hse.ie/documents/6348/382_v3_trifluridine_and_tipiracil_Lonsurf_therapy.pdf","breastfeeding|dialysis|crcl_ml_min|bilirubin_ratio_uln|hepatic_impairment","PREG_LACT|RENAL_15_29|RENAL_LT15|HEPATIC_MOD_SEV|PROCEED",""
"00383","nccp-00383-v8","protocols/gastrointestinal/00383-gemcitabine-1000-mg-m2-and-cisplatin-25-mg-m2-21-day.json","Gemcitabine 1000 mg/m² and Cisplatin 25 mg/m² – 21 day","true","source_reconciled_rule_encoding","structured_rules","https://healthservice.hse.ie/documents/6339/383_v8_GemCis25.pdf","breastfeeding|cisplatin_crcl_band|gemcitabine_renal_band|gemcitabine_bilirubin_band","PREGNANCY_OR_BREASTFEEDING|CISPLATIN_CRCL_45_59|CISPLATIN_CRCL_LT45|CISPLATIN_DIALYSIS|OF590_00383_GEM_RENAL_LT30|OF590_00383_GEM_BILI_GE27|OF590_00383_CIS_45_59|OF590_00383_CIS_LT45|OF590_00383_CIS_DIALYSIS",""
"00384","nccp-00384-v7","protocols/gastrointestinal/00384-gemcitabine-1000-mg-m2-and-capecitabine-650-mg-m2-21-day.json","Gemcitabine 1000 mg/m² and Capecitabine 650 mg/m² – 21 day","true","source_reconciled_rule_encoding","structured_rules","https://healthservice.hse.ie/documents/6340/384_v7_Gemcitabine_1000_capecitabine_650_-21day_therapy.pdf","breastfeeding|gemcitabine_renal_band|gemcitabine_bilirubin_band|capecitabine_renal_band|capecitabine_bilirubin_uln|capecitabine_alt_ast_uln","PREGNANCY_OR_BREASTFEEDING|OF590_00384_GEM_RENAL_LT30|OF590_00384_GEM_BILI_GE27|OF590_00384_CAPE_RENAL_30_50|OF590_00384_CAPE_RENAL_LT30|OF590_00384_CAPE_HEPATIC_HOLD",""
"00385","nccp-00385-v5","protocols/gynaecology/00385-cisplatin-40-mg-m-weekly-with-radiotherapy.json","Cisplatin 40 mg/m² Weekly with Radiotherapy","false","not_formally_audited","","https://healthservice.hse.ie/documents/6341/385_V5_CISplatin_40mgm2_weekly_with_RT.pdf","alt_ast_uln_multiple|bilirubin_uln_multiple|cisplatin_renal_band","CIS_50_59|CIS_40_49|CIS_LT40",""
"00386","nccp-00386-v4","protocols/gastrointestinal/00386-doxorubicin-60-mg-m2-therapy.json","Doxorubicin 60 mg/m² Therapy","true","source_reconciled_rule_encoding","structured_rules","https://healthservice.hse.ie/documents/6342/386_v4_DOXO_60mgm2.pdf","breastfeeding|doxorubicin_renal_band|doxorubicin_bilirubin_band","PREGNANCY_OR_BREASTFEEDING|OF590_00386_DOX_DIALYSIS|OF590_00386_DOX_BILI_20_50|OF590_00386_DOX_BILI_51_86|OF590_00386_DOX_BILI_GT86",""
"00387","nccp-00387-v5","protocols/head-neck/00387-cisplatin-100-mg-m-with-radiotherapy.json","Cisplatin 100 mg/m² with Radiotherapy","false","not_formally_audited","","https://healthservice.hse.ie/documents/6912/387_V5_CISplatin_100mgm2_with_RT.pdf","alt_ast_uln_multiple|bilirubin_uln_multiple|breastfeeding|cisplatin_crcl_band","CIS_RENAL_50_59|CIS_RENAL_40_49|CIS_RENAL_LOW",""
"00388","nccp-00388-v3","protocols/lung/00388-oral-etoposide-therapy.json","Oral Etoposide Therapy","false","not_formally_audited","","https://healthservice.hse.ie/documents/6911/388_V3_Oral_Etoposide.pdf","breastfeeding|etoposide_renal_band|bilirubin_uln_multiple","PREGNANCY_BREASTFEEDING|ETOP_RENAL_15_49|ETOP_RENAL_LT15|ETOP_DIALYSIS|ETOP_BILI_HIGH",""
"00391","nccp-00391-v5","protocols/sarcoma/00391-doxorubicin-60-mg-m2-and-ifosfamide-therapy.json","Doxorubicin 60 mg/m² and Ifosfamide Therapy","false","not_formally_audited","","https://healthservice.hse.ie/documents/6730/391_DOXOrubicin_60_and_Ifosfamide.pdf","breastfeeding|bilirubin_uln_multiple|ifosfamide_renal_band","PREGNANCY_BREASTFEEDING|DOX_BILI_GT4_3|DOX_BILI_GT2_5|DOX_BILI_GT1|IFO_RENAL_LT50|IFO_DIALYSIS",""
"00392","nccp-00392-v5","protocols/sarcoma/00392-doxorubicin-75-mg-m2-and-ifosfamide-therapy.json","Doxorubicin 75 mg/m² and Ifosfamide Therapy","false","not_formally_audited","","https://healthservice.hse.ie/documents/6731/392_DOXOrubicin_75_and_ifosfamide.pdf","breastfeeding|bilirubin_uln_multiple|ifosfamide_renal_band","PREGNANCY_BREASTFEEDING|DOX_BILI_GT4_3|DOX_BILI_GT2_5|DOX_BILI_GT1|IFO_RENAL_LT50|IFO_DIALYSIS",""
"00401","nccp-00401-v6","protocols/lung/00401-alectinib-monotherapy.json","Alectinib Monotherapy","true","source_reconciled_rule_encoding","structured_rules","https://healthservice.hse.ie/documents/6910/401_V6_Alectinib.pdf","breastfeeding|alt_ast_uln_multiple|bilirubin_uln_multiple|targeted_renal_band|targeted_hepatic_band","PREGNANCY_BREASTFEEDING|TARGET_HEPATITIS|OF590_00401_ALEC_CHILD_C|OF590_00401_ALEC_LFT_HOLD|OF590_00401_ALEC_LFT_STOP",""
"00414","nccp-00414-vcurrent","protocols/breast/00414-palbociclib.json","Palbociclib Therapy - 28 day","false","not_formally_audited","","https://healthservice.hse.ie/documents/6457/414_v5_Palbociclib_o9nHDn7.pdf","child_pugh|renal_band","CHILDPUGH_C|RENAL_ESRD_REVIEW",""
"00415","nccp-00415-v4","protocols/skin/00415-trametinib-and-dabrafenib-therapy.json","Trametinib and Dabrafenib Therapy","false","not_formally_audited","","https://healthservice.hse.ie/documents/6732/415_v4_Trametinib_and_DabrafenibTherapy.pdf","breastfeeding|alt_ast_uln_multiple|bilirubin_uln_multiple","BREASTFEEDING",""
"00416","nccp-00416-v4","protocols/haemato-oncology/plasma-cell/00416-rvd-21-day.json","Bortezomib, Lenalidomide and dexamethasone (RVD) Therapy – 21 day","false","not_formally_audited","","https://healthservice.hse.ie/documents/6907/416_v4_BortezomibLenDex_RVD.pdf","crcl_ml_min|haemodialysis|bilirubin_ratio_uln","416_RENAL_30_50|416_RENAL_BELOW30_NON_DIALYSIS|416_RENAL_DIALYSIS|416_HEPATIC_BORTEZOMIB",""
"00417","nccp-00417-v7","protocols/head-neck/00417-cetuximab-cisplatin-100-mg-m-and-5-fluorouracil-21-day.json","Cetuximab, Cisplatin 100 mg/m² and 5-Fluorouracil – 21 day","false","not_formally_audited","","https://healthservice.hse.ie/documents/6975/417_Cetux_CIS_5-FU_v7.pdf","alt_ast_uln_multiple|bilirubin_uln_multiple|breastfeeding|cisplatin_crcl_band|bilirubin_umol_l|ast_u_l","CIS_RENAL_50_59|CIS_RENAL_40_49|CIS_RENAL_LOW|5FU_HEPATIC|5FU_AST",""
"00418","nccp-00418-v7","protocols/head-neck/00418-cetuximab-carboplatin-auc-5-and-5-fluorouracil-21-day.json","Cetuximab, Carboplatin AUC 5 and 5-Fluorouracil – 21 day","false","not_formally_audited","","https://healthservice.hse.ie/documents/6976/418_Cetux_Carbo5-FU.pdf","alt_ast_uln_multiple|bilirubin_uln_multiple|breastfeeding|gfr_or_crcl_ml_min|bilirubin_umol_l|ast_u_l","CARBO_GFR_LE20|5FU_HEPATIC|5FU_AST",""
"00419","nccp-00419-v4","protocols/gynaecology/00419-carboplatin-auc-2-weekly-with-radiotherapy.json","Carboplatin AUC 2 Weekly with Radiotherapy","false","not_formally_audited","","https://healthservice.hse.ie/documents/6459/419_v4_CarboAUC2and_RT.pdf","alt_ast_uln_multiple|bilirubin_uln_multiple|gfr_or_crcl_ml_min","CARBO_GFR_LOW",""
"00420","nccp-00420-v4","protocols/sarcoma/00420-doxorubicin-25-mg-m2-day-and-cisplatin-100-mg-m2-therapy-21-day.json","Doxorubicin 25 mg/m²/day and Cisplatin 100 mg/m² Therapy – 21 day","false","not_formally_audited","","https://healthservice.hse.ie/documents/6733/420_V4_DOX25CIS100.pdf","breastfeeding|bilirubin_uln_multiple|cisplatin_renal_band","PREGNANCY_BREASTFEEDING|DOX_BILI_GT4_3|DOX_BILI_GT2_5|DOX_BILI_GT1|CIS_50_59|CIS_40_49|CIS_LT40|CIS_DIALYSIS",""
"00421","nccp-00421-v4","protocols/gastrointestinal/00421-5-fluorouracil-continuous-infusion-and-radiotherapy.json","5-Fluorouracil Continuous Infusion and Radiotherapy","true","source_reconciled_rule_encoding","structured_rules","https://healthservice.hse.ie/documents/6460/421_5-Fluorouracil_and_RT.pdf","breastfeeding|fluorouracil_renal_impairment|fluorouracil_bilirubin_umol_l|fluorouracil_ast_u_l|fluorouracil_hepatic_impairment","PREGNANCY_OR_BREASTFEEDING|OF590_00421_5FU_RENAL_SEVERE|OF590_00421_5FU_BILI_GT85|OF590_00421_5FU_AST_GT180|OF590_00421_5FU_HEP_MOD|OF590_00421_5FU_HEP_SEV",""
"00422","nccp-00422-v5","protocols/gastrointestinal/00422-carboplatin-auc2-and-paclitaxel-50-mg-m2-weekly-with-radiotherapy.json","Carboplatin AUC2 and Paclitaxel 50 mg/m² Weekly with Radiotherapy","false","not_formally_audited","","https://healthservice.hse.ie/documents/6461/422_CarboAUC2_Pacli50_plus_RT.pdf","breastfeeding|crcl_ml_min|alt_ast_uln_multiple|bilirubin_uln_multiple","PREGNANCY_OR_BREASTFEEDING|CARBOPLATIN_LOW_CRCL|TAXANE_LIVER_REVIEW",""
"00423","nccp-00423-vcurrent","protocols/breast/00423-at-doxorubicin-docetaxel.json","Doxorubicin 50 mg/m² and Docetaxel 75 mg/m² (AT 50/75)","false","not_formally_audited","","https://healthservice.hse.ie/documents/6823/423_DOXO_DOCEtaxel_AT_50_75-21day.pdf","","",""
"00427","nccp-00427-v6","protocols/gastrointestinal/00427-roswell-park-modified-5-fluorouracil-and-folinic-acid.json","Roswell Park Modified 5-Fluorouracil and Folinic Acid","true","source_reconciled_rule_encoding","structured_rules","https://healthservice.hse.ie/documents/6466/427_Roswell_Park_Modified.pdf","breastfeeding|fluorouracil_renal_impairment|fluorouracil_bilirubin_umol_l|fluorouracil_ast_u_l|fluorouracil_hepatic_impairment","PREGNANCY_OR_BREASTFEEDING|OF590_00427_5FU_RENAL_SEVERE|OF590_00427_5FU_BILI_GT85|OF590_00427_5FU_AST_GT180|OF590_00427_5FU_HEP_MOD|OF590_00427_5FU_HEP_SEV",""
"00428","nccp-00428-v6","protocols/gastrointestinal/00428-quasar-modified-5-fluorouracil-and-folinic-acid-weekly.json","QUASAR Modified 5-Fluorouracil and Folinic Acid Weekly","true","source_reconciled_rule_encoding","structured_rules","https://healthservice.hse.ie/documents/6467/428_QUASAR_Modified_5FU_and_Folinic_Acid.pdf","breastfeeding|fluorouracil_renal_impairment|fluorouracil_bilirubin_umol_l|fluorouracil_ast_u_l|fluorouracil_hepatic_impairment","PREGNANCY_OR_BREASTFEEDING|OF590_00428_5FU_RENAL_SEVERE|OF590_00428_5FU_BILI_GT85|OF590_00428_5FU_AST_GT180|OF590_00428_5FU_HEP_MOD|OF590_00428_5FU_HEP_SEV",""
"00429","nccp-00429-v7a","protocols/gastrointestinal/00429-eof-epirubicin-oxaliplatin-and-5-fluorouracil-therapy.json","EOF: Epirubicin, Oxaliplatin and 5-Fluorouracil Therapy","true","source_reconciled_rule_encoding","structured_rules","https://healthservice.hse.ie/documents/6468/429_v7a_epiRUBicin_Oxaliplatin_and_5-Fluorouracil_EOF_-21_day.pdf","breastfeeding|oxaliplatin_renal_band|fluorouracil_renal_impairment|fluorouracil_bilirubin_umol_l|fluorouracil_ast_u_l|fluorouracil_hepatic_impairment|epirubicin_bilirubin_umol_l|epirubicin_ast_uln","PREGNANCY_OR_BREASTFEEDING|OXALIPLATIN_SEVERE_RENAL|OXALIPLATIN_DIALYSIS|OF590_00429_OXALI_LT30|OF590_00429_OXALI_DIALYSIS|OF590_00429_5FU_RENAL_SEVERE|OF590_00429_5FU_BILI_GT85|OF590_00429_5FU_AST_GT180|OF590_00429_5FU_HEP_MOD|OF590_00429_5FU_HEP_SEV|OF590_00429_EPI_REDUCE50|OF590_00429_EPI_REDUCE25|OF590_00429_EPI_NOT_RECOMMENDED",""
"00430","nccp-00430-v6","protocols/breast/00430-gemcitabine-carboplatin.json","Gemcitabine and Carboplatin AUC2 - 21 day","false","not_formally_audited","","https://healthservice.hse.ie/documents/6832/430_GemcarboAUC2.pdf","gfr_ml_min|bilirubin_micromol_l|haemodialysis|pregnancy_or_breastfeeding","PREGNANCY_LACTATION|CARBOPLATIN_GFR_20_OR_LESS|CARBOPLATIN_GFR_20_TO_30|GEMCITABINE_BILIRUBIN_27_PLUS|HAEMODIALYSIS_TIMING",""
"00431","nccp-00431-v10","protocols/skin/00431-nivolumab-1-mg-kg-and-ipilimumab-3-mg-kg-therapy.json","Nivolumab 1 mg/kg and Ipilimumab 3 mg/kg Therapy","false","not_formally_audited","","https://healthservice.hse.ie/documents/6734/431_Nivolumab_1mg_Ipilimumab_3mg.pdf","breastfeeding|alt_ast_uln_multiple|bilirubin_uln_multiple|creatinine_ratio_baseline_or_uln","BREASTFEEDING|ICI_RENAL",""
"00432","nccp-00432-v5","protocols/breast/00432-ac-weekly-paclitaxel-trastuzumab.json","AC followed by weekly Paclitaxel and weekly Trastuzumab (AC-TH)","false","not_formally_audited","","https://healthservice.hse.ie/documents/6470/432_v5_AC-TH_weekly.pdf","","",""
"00433","nccp-00433-v6","protocols/breast/00433-ddac-weekly-paclitaxel-trastuzumab.json","Dose-dense AC followed by weekly Paclitaxel and weekly Trastuzumab","false","not_formally_audited","","https://healthservice.hse.ie/documents/6471/433_v6_Dose_Dense_AC-TH_Weekly.pdf","","",""
"00435","nccp-00435-v3","protocols/haemato-oncology/plasma-cell/00435-bortezomib-maintenance-14-day.json","Bortezomib Maintenance Therapy – 14 day","false","not_formally_audited","","https://healthservice.hse.ie/documents/6905/435_v3_Bortezomib_Maintenance.pdf","crcl_ml_min|haemodialysis|bilirubin_ratio_uln","435_HAEMODIALYSIS_TIMING|435_HEPATIC_STARTING_DOSE",""
"00445","nccp-00445-v3","protocols/shared/00445-pazopanib-monotherapy.json","Pazopanib Monotherapy","false","not_formally_audited","","https://healthservice.hse.ie/documents/6477/445_v3_Pazopanib.pdf","breastfeeding|alt_ast_uln_multiple|bilirubin_uln_multiple|pazopanib_renal_band|recurrent_alt_after_restart","PREGNANCY_BREASTFEEDING|RENAL_LT30|RENAL_HD|BILI_GT3|BILI_1_5_3|ALT_GT8|ALT_3_8|RECURRENT_ALT|ALT_BILI_COMBO",""
"00446","nccp-00446-v7b","protocols/gastrointestinal/00446-bevacizumab-modified-folfox6.json","Bevacizumab 5mg/kg and Modified FOLFOX-6 Therapy -14 day","false","not_formally_audited","","https://healthservice.hse.ie/documents/6478/446_v7b_Bevacizumab_5_plus_mFOLFOX-6.pdf","breastfeeding|crcl_ml_min|haemodialysis|hepatic_impairment_category|gi_perforation_or_fistula","EXCLUSION_PREGNANCY_OR_BREASTFEEDING|RENAL_HAEMODIALYSIS|RENAL_CRCL_BELOW30|HEPATIC_SEVERE|HEPATIC_MILD_MODERATE_WITH_RENAL",""
"00447","nccp-00447-v6b","protocols/gastrointestinal/00447-panitumumab-modified-folfox6.json","Panitumumab 6mg/kg and Modified FOLFOX-6 Therapy -14 day","false","not_formally_audited","","https://healthservice.hse.ie/documents/6479/447_v6b_Panitumumab_plus_mFOLFOX-6.pdf","breastfeeding|crcl_ml_min|haemodialysis|hepatic_impairment_category","EXCLUSION_PREGNANCY_OR_BREASTFEEDING|RENAL_HAEMODIALYSIS|RENAL_CRCL_BELOW30|HEPATIC_SEVERE|HEPATIC_MILD_MODERATE_WITH_RENAL",""
"00448","nccp-00448-v4b","protocols/gastrointestinal/00448-panitumumab-folfiri.json","Panitumumab 6mg/kg and FOLFIRI Therapy -14 day","false","not_formally_audited","","https://healthservice.hse.ie/documents/6480/448_v4b_Panitumumab_plus_FOLFIRI.pdf","breastfeeding|crcl_ml_min|haemodialysis|bilirubin_ratio_uln|bilirubin_umol_l|ast_u_l|hepatic_impairment_severity","EXCLUSION_PREGNANCY_BREASTFEEDING|IRINOTECAN_CRCL_LT10|IRINOTECAN_HAEMODIALYSIS|IRINOTECAN_BILI_GT3ULN|FIVEFU_HEPATIC_CONTRAINDICATED|FIVEFU_MODERATE_HEPATIC|FIVEFU_SEVERE_HEPATIC|PROCEED_NO_ENCODED_MODIFICATION",""
"00449","nccp-00449-v6a","protocols/gastrointestinal/00449-bevacizumab-folfiri.json","Bevacizumab 5mg/kg and FOLFIRI Therapy -14 day","false","not_formally_audited","","https://healthservice.hse.ie/documents/6481/449_v6a_Bevacizumab5_FOLFIRI.pdf","breastfeeding|crcl_ml_min|haemodialysis|bilirubin_ratio_uln|bilirubin_umol_l|ast_u_l|hepatic_impairment_severity|gi_perforation_or_fistula","EXCLUSION_PREGNANCY_BREASTFEEDING|IRINOTECAN_CRCL_LT10|IRINOTECAN_HAEMODIALYSIS|IRINOTECAN_BILI_GT3ULN|FIVEFU_HEPATIC_CONTRAINDICATED|FIVEFU_MODERATE_HEPATIC|FIVEFU_SEVERE_HEPATIC|PROCEED_NO_ENCODED_MODIFICATION",""
"00450","nccp-00450-v4c","protocols/genitourinary/00450-mitomycin-and-5-fluorouracil-with-radiotherapy.json","Mitomycin and 5-Fluorouracil with Radiotherapy","false","rule_level_source_reconciled","","https://healthservice.hse.ie/documents/6482/450_v4c_Mitomycin_and_5-FU_5__RT.pdf","breastfeeding|crcl_ml_min|renal_impairment_severity|bilirubin_umol_l|ast_uln_multiple|ast_u_l|hepatic_impairment_severity","PREGNANCY_OR_BREASTFEEDING|5FU_SEVERE_RENAL_IMPAIRMENT|RENAL_DPD_PHENOTYPE_CAUTION|MITOMYCIN_CRCL_LT_10|MITOMYCIN_CRCL_EQ_10_BOUNDARY|MITOMYCIN_HIGH_DOSE_CRCL_10_TO_60|5FU_BILIRUBIN_GT_85|5FU_BILIRUBIN_EQ_85_BOUNDARY|5FU_AST_GT_180|5FU_AST_EQ_180_BOUNDARY|5FU_MODERATE_HEPATIC_IMPAIRMENT|5FU_SEVERE_HEPATIC_IMPAIRMENT|MITOMYCIN_AST_GT_2_ULN",""
"00451","nccp-00451-v4c","protocols/gastrointestinal/00451-5-fluorouracil-4-day-mitomycin-and-radiotherapy.json","5-Fluorouracil (4 day), Mitomycin and Radiotherapy","false","rule_level_source_reconciled","","https://healthservice.hse.ie/documents/6483/451_v4c_Mitomycin_and_5-FU_4day__RT.pdf","breastfeeding|crcl_ml_min|renal_impairment_severity|bilirubin_umol_l|ast_uln_multiple|ast_u_l|hepatic_impairment_severity","PREGNANCY_OR_BREASTFEEDING|5FU_SEVERE_RENAL_IMPAIRMENT|RENAL_DPD_PHENOTYPE_CAUTION|MITOMYCIN_CRCL_LT_10|MITOMYCIN_CRCL_EQ_10_BOUNDARY|MITOMYCIN_HIGH_DOSE_CRCL_10_TO_60|5FU_BILIRUBIN_GT_85|5FU_BILIRUBIN_EQ_85_BOUNDARY|5FU_AST_GT_180|5FU_AST_EQ_180_BOUNDARY|5FU_MODERATE_HEPATIC_IMPAIRMENT|5FU_SEVERE_HEPATIC_IMPAIRMENT|MITOMYCIN_AST_GT_2_ULN",""
"00453","nccp-00453-v3","protocols/genitourinary/00453-carboplatin-auc-7-and-etoposide-750-mg-m-therapy.json","Carboplatin AUC 7 and Etoposide 750 mg/m² Therapy","false","not_formally_audited","","https://healthservice.hse.ie/documents/6485/453_v3_CarboAUC7Etop750.pdf","alt_ast_uln_multiple|bilirubin_uln_multiple|gfr_or_crcl_ml_min","CARBO_RENAL",""
"00455","nccp-00455-v15b","protocols/shared/00455-pembrolizumab-200-mg-monotherapy.json","Pembrolizumab 200 mg Monotherapy","false","not_formally_audited","","https://healthservice.hse.ie/documents/6903/455_V15b__Pembrolizumab_200mg_Monotherapy.pdf","breastfeeding|creatinine_ratio_baseline_or_uln|alt_ast_uln_multiple|bilirubin_uln_multiple","PREGNANCY_OR_BREASTFEEDING|ICI_NEPHRITIS_RATIO|ICI_HEPATITIS_TRANSAMINASE|ICI_HEPATITIS_BILIRUBIN",""
"00456","nccp-00456-v4","protocols/lung/00456-cisplatin-50-mg-m2-etoposide-50-mg-m2-and-thoracic-radiotherapy-28-day.json","Cisplatin 50 mg/m², Etoposide 50 mg/m² and Thoracic Radiotherapy – 28 day","false","not_formally_audited","","https://healthservice.hse.ie/documents/6902/456_V4_CISplatin_50_and_Etoposide.pdf","breastfeeding|cisplatin_renal_band|etoposide_renal_band|bilirubin_uln_multiple","PREGNANCY_BREASTFEEDING|CISPLATIN_RENAL_45_59|CISPLATIN_RENAL_LT45|CISPLATIN_RENAL_LT30|CISPLATIN_DIALYSIS|ETOP_RENAL_15_49|ETOP_RENAL_LT15|ETOP_DIALYSIS|ETOP_BILI_HIGH",""
"00460","nccp-00460-v4","protocols/gastrointestinal/00460-cisplatin-75-mg-m2-and-5-fluorouracil-chemoradiation-herskovic.json","Cisplatin 75 mg/m² and 5-Fluorouracil Chemoradiation (Herskovic)","true","source_reconciled_rule_encoding","structured_rules","https://healthservice.hse.ie/documents/6488/460_v4_Herskovic_Regimen.pdf","breastfeeding|cisplatin_crcl_band|fluorouracil_renal_impairment|fluorouracil_bilirubin_umol_l|fluorouracil_ast_u_l|fluorouracil_hepatic_impairment","PREGNANCY_OR_BREASTFEEDING|CISPLATIN_CRCL_45_59|CISPLATIN_CRCL_LT45|CISPLATIN_DIALYSIS|OF590_00460_5FU_RENAL_SEVERE|OF590_00460_5FU_BILI_GT85|OF590_00460_5FU_AST_GT180|OF590_00460_5FU_HEP_MOD|OF590_00460_5FU_HEP_SEV|OF590_00460_CIS_50_59|OF590_00460_CIS_40_49|OF590_00460_CIS_LT40|OF590_00460_CIS_DIALYSIS",""
"00461","nccp-00461-v3","protocols/neuro-oncology/00461-temozolomide-with-radiotherapy-and-adjuvant-therapy-patients-greater-than-65-years.json","Temozolomide with Radiotherapy and Adjuvant Therapy – Patients Greater Than 65 Years","false","not_formally_audited","","https://healthservice.hse.ie/documents/6977/461_V3_Temozolomide_RT_and_Adjuvant_Therapy_greater_than65_years_.pdf","breastfeeding|temozolomide_renal_band|hepatic_impairment_band","BREASTFEEDING|TMZ_RENAL_LT36|TMZ_CHILD_PUGH",""
"00462","nccp-00462-v4","protocols/sarcoma/00462-pegylated-liposomal-doxorubicin-20-mg-m2-21-day.json","Pegylated Liposomal Doxorubicin 20 mg/m² – 21 day","true","source_reconciled_rule_encoding","structured_rules","https://healthservice.hse.ie/documents/6735/462_v4_PegylatedLiposomalDOX_20mgm2_21_days.pdf","breastfeeding|bilirubin_uln_multiple|pld_bilirubin_band","PREGNANCY_BREASTFEEDING|PLD_BILI_GT4_3|PLD_BILI_GT2_5|PLD_BILI_GT1|OF590_00462_PLD_BILI_20_50|OF590_00462_PLD_BILI_51_86|OF590_00462_PLD_BILI_GT86",""
"00463","nccp-00463-v4","protocols/sarcoma/00463-map-therapy-methotrexate-doxorubicin-and-cisplatin.json","MAP Therapy – Methotrexate, Doxorubicin and Cisplatin","false","not_formally_audited","","https://healthservice.hse.ie/documents/6736/463_v4_MAP.pdf","breastfeeding|bilirubin_uln_multiple|cisplatin_renal_band|methotrexate_renal_band|creatinine_rise_percent","PREGNANCY_BREASTFEEDING|MAP_DOX_BILI_GT4_35|MAP_DOX_BILI_GT2_6|MAP_DOX_BILI_GT1_75|MAP_DOX_BILI_GT1_05|MAP_MTX_RENAL|MAP_CIS_RENAL",""
"00464","nccp-00464-v3","protocols/skin/00464-dacarbazine-therapy.json","Dacarbazine Therapy","false","not_formally_audited","","https://healthservice.hse.ie/documents/6737/464_V3_Dacarbazine.pdf","breastfeeding|alt_ast_uln_multiple|bilirubin_uln_multiple|dacarbazine_renal_band|severe_liver_disease","BREASTFEEDING|DTIC_CRCL_45_60|DTIC_CRCL_30_45|DTIC_CRCL_LT30|DTIC_LIVER",""
"00473","nccp-00473-v6","protocols/gastrointestinal/00473-cisplatin-and-capecitabine-adjuvant-chemoradiation-therapy.json","Cisplatin and Capecitabine Adjuvant Chemoradiation Therapy","true","source_reconciled_rule_encoding","structured_rules","https://healthservice.hse.ie/documents/6492/473_v6_Cisplatin_Capecitabine_Chemoradiation_Therapy.pdf","breastfeeding|cisplatin_crcl_band|capecitabine_renal_band|capecitabine_bilirubin_uln|capecitabine_alt_ast_uln","PREGNANCY_OR_BREASTFEEDING|CISPLATIN_CRCL_45_59|CISPLATIN_CRCL_LT45|CISPLATIN_DIALYSIS|OF590_00473_CAPE_RENAL_30_50|OF590_00473_CAPE_RENAL_LT30|OF590_00473_CAPE_HEPATIC_HOLD|OF590_00473_CIS_50_59|OF590_00473_CIS_40_49|OF590_00473_CIS_LT40|OF590_00473_CIS_DIALYSIS",""
"00477","nccp-00477-v3","protocols/genitourinary/00477-goserelin-10-8mg-q12weeks.json","Goserelin 10.8 mg Therapy – 12 weeks","false","not_formally_audited","","https://healthservice.hse.ie/documents/6978/477_v3_Goserelin_10.8mg.pdf","bone_health_not_addressed|spinal_cord_compression_or_spinal_mets","BONE_HEALTH",""
"00478","nccp-00478-v3","protocols/genitourinary/00478-goserelin-3-6mg-q28days.json","Goserelin 3.6 mg Therapy – 28 day","false","not_formally_audited","","https://healthservice.hse.ie/documents/6493/478_v3_Goserelin_3.6mg.pdf","bone_health_not_addressed|spinal_cord_compression_or_spinal_mets","BONE_HEALTH",""
"00479","nccp-00479-v3","protocols/genitourinary/00479-leuprorelin-22-5mg-q12weeks.json","Leuprorelin 22.5 mg Therapy – 12 weeks","false","not_formally_audited","","https://healthservice.hse.ie/documents/6494/479_v3_Leuprorelin_22.5mg.pdf","bone_health_not_addressed|spinal_cord_compression_or_spinal_mets","BONE_HEALTH",""
"00480","nccp-00480-v3","protocols/genitourinary/00480-triptorelin-11-25mg-q12weeks.json","Triptorelin 11.25 mg Therapy – 12 weeks","false","not_formally_audited","","https://healthservice.hse.ie/documents/6495/480_v3_Triptorelin_11.25mg.pdf","bone_health_not_addressed|spinal_cord_compression_or_spinal_mets","BONE_HEALTH",""
"00481","nccp-00481-v3","protocols/genitourinary/00481-degarelix.json","Degarelix Therapy","false","not_formally_audited","","https://healthservice.hse.ie/documents/6496/481_v3_Degarelix_Therapy.pdf","bone_health_not_addressed","BONE_HEALTH",""
"00482","nccp-00482-v3","protocols/genitourinary/00482-bicalutamide.json","Bicalutamide Therapy","false","not_formally_audited","","https://healthservice.hse.ie/documents/6497/482_v3_Bicalutamide.pdf","prohibited_interaction|hepatic_impairment","SEVERE_HEPATIC",""
"00483","nccp-00483-v13a","protocols/shared/00483-nivolumab-monotherapy-14-day.json","Nivolumab Monotherapy – 14 day","false","not_formally_audited","","https://healthservice.hse.ie/documents/6498/483_Nivolumab_14-day_.pdf","breastfeeding|creatinine_ratio_baseline_or_uln|alt_ast_uln_multiple|bilirubin_uln_multiple","PREGNANCY_OR_BREASTFEEDING|ICI_NEPHRITIS_RATIO|ICI_HEPATITIS_TRANSAMINASE|ICI_HEPATITIS_BILIRUBIN",""
"00484","nccp-00484-v13a","protocols/shared/00484-nivolumab-monotherapy-28-day.json","Nivolumab Monotherapy – 28 day","false","not_formally_audited","","https://healthservice.hse.ie/documents/6499/484_Nivolumab_28-day_.pdf","breastfeeding|creatinine_ratio_baseline_or_uln|alt_ast_uln_multiple|bilirubin_uln_multiple","PREGNANCY_OR_BREASTFEEDING|ICI_NEPHRITIS_RATIO|ICI_HEPATITIS_TRANSAMINASE|ICI_HEPATITIS_BILIRUBIN",""
"00485","nccp-00485-v6","protocols/breast/00485-dose-dense-ac-weekly-paclitaxel.json","Dose-dense AC followed by weekly Paclitaxel","false","not_formally_audited","","https://healthservice.hse.ie/documents/6500/485_v6_Dose_DenseAC-T.pdf","","",""
"00486","nccp-00486-v8","protocols/gastrointestinal/00486-flox-therapy.json","FLOX Therapy","true","source_reconciled_rule_encoding","structured_rules","https://healthservice.hse.ie/documents/6501/486_v8_FLOX.pdf","breastfeeding|oxaliplatin_renal_band|fluorouracil_renal_impairment|fluorouracil_bilirubin_umol_l|fluorouracil_ast_u_l|fluorouracil_hepatic_impairment","PREGNANCY_OR_BREASTFEEDING|OXALIPLATIN_SEVERE_RENAL|OXALIPLATIN_DIALYSIS|OF590_00486_OXALI_LT30|OF590_00486_OXALI_DIALYSIS|OF590_00486_5FU_RENAL_SEVERE|OF590_00486_5FU_BILI_GT85|OF590_00486_5FU_AST_GT180|OF590_00486_5FU_HEP_MOD|OF590_00486_5FU_HEP_SEV",""
"00488","nccp-00488-v3","protocols/genitourinary/00488-triptorelin-22-5mg-q24weeks.json","Triptorelin 22.5 mg Therapy – 24 weeks","false","not_formally_audited","","https://healthservice.hse.ie/documents/6502/488_v3_Triptorelin_22.5mg.pdf","bone_health_not_addressed|spinal_cord_compression_or_spinal_mets","BONE_HEALTH",""
"00489","nccp-00489-v3","protocols/genitourinary/00489-triptorelin-3mg-q28days.json","Triptorelin 3 mg Therapy – 28 day","false","not_formally_audited","","https://healthservice.hse.ie/documents/6503/489_v3_Triptorelin_3mg.pdf","bone_health_not_addressed|spinal_cord_compression_or_spinal_mets","BONE_HEALTH",""
"00490","nccp-00490-v3","protocols/genitourinary/00490-leuprorelin-7-5mg-q28days.json","Leuprorelin 7.5 mg Therapy – 28 day","false","not_formally_audited","","https://healthservice.hse.ie/documents/6979/490_v3_Leuprorelin_7.5mg.pdf","bone_health_not_addressed|spinal_cord_compression_or_spinal_mets","BONE_HEALTH",""
"00491","nccp-00491-v3","protocols/genitourinary/00491-leuprorelin-45mg-q24weeks.json","Leuprorelin 45 mg Therapy – 24 weeks","false","not_formally_audited","","https://healthservice.hse.ie/documents/6504/491_v3_Leuprorelin_45mg.pdf","bone_health_not_addressed|spinal_cord_compression_or_spinal_mets","BONE_HEALTH",""
"00492","nccp-00492-v3","protocols/genitourinary/00492-leuprorelin-11-25mg-q12weeks.json","Leuprorelin 11.25 mg Therapy – 12 weeks","false","not_formally_audited","","https://healthservice.hse.ie/documents/6505/492_v3_Leuprorelin_11.25mg.pdf","bone_health_not_addressed|spinal_cord_compression_or_spinal_mets","BONE_HEALTH",""
"00493","nccp-00493-v3","protocols/genitourinary/00493-leuprorelin-30mg-q24weeks.json","Leuprorelin 30 mg Therapy – 24 weeks","false","not_formally_audited","","https://healthservice.hse.ie/documents/6506/493_v3_Leuprorelin_30mg.pdf","bone_health_not_addressed|spinal_cord_compression_or_spinal_mets","BONE_HEALTH",""
"00494","nccp-00494-v3","protocols/genitourinary/00494-leuprorelin-3-75mg-q28days.json","Leuprorelin 3.75 mg Therapy – 28 day","false","not_formally_audited","","https://healthservice.hse.ie/documents/6980/494_v3_Leuprorelin_3.75mg.pdf","bone_health_not_addressed|spinal_cord_compression_or_spinal_mets","BONE_HEALTH",""
"00499","nccp-00499-v8","protocols/gynaecology/00499-gemcitabine-1000-mg-m-carboplatin-auc-4-and-bevacizumab-15-mg-kg-therapy-21-day.json","Gemcitabine 1000 mg/m², Carboplatin AUC 4 and Bevacizumab 15 mg/kg Therapy – 21 day","false","not_formally_audited","","https://healthservice.hse.ie/documents/6507/499_V8_GemCARBOAUC_4BEV.pdf","alt_ast_uln_multiple|bilirubin_uln_multiple|gfr_or_crcl_ml_min|diastolic_bp","CARBO_GFR_LOW|BEV_BP_DIA",""
"00500","nccp-00500-v3","protocols/sarcoma/00500-doxorubicin-75-mg-m2-monotherapy.json","Doxorubicin 75 mg/m² Monotherapy","false","not_formally_audited","","https://healthservice.hse.ie/documents/6738/500_V3_DOXOrubicin_75.pdf","breastfeeding|bilirubin_uln_multiple|doxorubicin_renal_band","PREGNANCY_BREASTFEEDING|DOX_HD|DOX_BILI_GT4_3|DOX_BILI_GT2_5|DOX_BILI_GT1",""
"00501","nccp-00501-v4","protocols/sarcoma/00501-gemcitabine-and-docetaxel-therapy-21-day.json","Gemcitabine and Docetaxel Therapy – 21 day","true","source_reconciled_rule_encoding","structured_rules","https://healthservice.hse.ie/documents/6739/501_V4_Gemcitabine_DOCEtaxel.pdf","breastfeeding|alt_ast_uln_multiple|bilirubin_uln_multiple|bilirubin_actual_umol_l|alp_uln_multiple|gemcitabine_renal_band|gemcitabine_bilirubin_band|docetaxel_hepatic_band","PREGNANCY_BREASTFEEDING|DOC_HEPATIC_NOT_REC|DOC_HEPATIC_50|GEM_BILI_27|OF590_00501_GEM_RENAL_LT30|OF590_00501_GEM_BILI_GE27|OF590_00501_DOC_HEP_75|OF590_00501_DOC_HEP_STOP",""
"00502","nccp-00502-v4","protocols/gastrointestinal/00502-trastuzumab-5-fluorouracil-and-cisplatin-therapy-21-day.json","Trastuzumab, 5-Fluorouracil and Cisplatin Therapy – 21 day","true","source_reconciled_rule_encoding","structured_rules","https://healthservice.hse.ie/documents/6508/502_v4_Trastuzumab_CISplatin_and_5-Fluorouracil.pdf","breastfeeding|cisplatin_crcl_band|fluorouracil_renal_impairment|fluorouracil_bilirubin_umol_l|fluorouracil_ast_u_l|fluorouracil_hepatic_impairment","PREGNANCY_OR_BREASTFEEDING|CISPLATIN_CRCL_45_59|CISPLATIN_CRCL_LT45|CISPLATIN_DIALYSIS|OF590_00502_5FU_RENAL_SEVERE|OF590_00502_5FU_BILI_GT85|OF590_00502_5FU_AST_GT180|OF590_00502_5FU_HEP_MOD|OF590_00502_5FU_HEP_SEV|OF590_00502_CIS_50_59|OF590_00502_CIS_40_49|OF590_00502_CIS_LT40|OF590_00502_CIS_DIALYSIS",""
"00504","nccp-00504-v2","protocols/sarcoma/00504-irinotecan-and-temozolomide-therapy-21-day.json","Irinotecan and Temozolomide Therapy – 21 day","false","not_formally_audited","","https://healthservice.hse.ie/documents/6740/504_v2_Irinotecan_and_Temozolomide_Therapy.pdf","breastfeeding|bilirubin_uln_multiple|irinotecan_renal_band|temozolomide_renal_band|recurrent_grade3_febrile_neutropenia","PREGNANCY_BREASTFEEDING|IRI_CRCL_LT10|IRI_DIALYSIS|IRI_BILI_GT3",""
"00505","nccp-00505-v5","protocols/gastrointestinal/00505-capecitabine-and-temozolomide-therapy.json","Capecitabine and Temozolomide Therapy","true","source_reconciled_rule_encoding","structured_rules","https://healthservice.hse.ie/documents/6509/505_v5_Capecitabine_and_temozolomide_.pdf","breastfeeding|capecitabine_renal_band|capecitabine_bilirubin_uln|capecitabine_alt_ast_uln|temozolomide_renal_band|temozolomide_hepatic_band","PREGNANCY_OR_BREASTFEEDING|OF590_00505_CAPE_RENAL_30_50|OF590_00505_CAPE_RENAL_LT30|OF590_00505_CAPE_HEPATIC_HOLD|OF590_00505_TMZ_RENAL_LOW|OF590_00505_TMZ_HEP_SEV",""
"00507","nccp-00507-v6","protocols/breast/00507-pertuzumab-trastuzumab-paclitaxel.json","Pertuzumab, Trastuzumab and Weekly Paclitaxel - 21 day","false","not_formally_audited","","https://healthservice.hse.ie/documents/6611/507_v6_Pertuzumab_Tras_PACLitaxel_2jBzcSC.pdf","breastfeeding|severe_hepatic_impairment|alt_ratio_uln|bilirubin_ratio_uln|weeks_since_last_dose","EXCLUSION_BREASTFEEDING|EXCLUSION_SEVERE_HEPATIC_IMPAIRMENT|HEPATIC_CONTRAINDICATED|HEPATIC_50_PERCENT|HEPATIC_75_PERCENT|HEPATIC_NO_REDUCTION|HER2_EXCLUSION_PREGNANCY_BREASTFEEDING|HER2_MISSED_DOSE_RELOAD",""
"00509","nccp-00509-v6","protocols/gastrointestinal/00509-modified-folfox-6-chemoradiation-therapy-14-day.json","Modified FOLFOX-6 Chemoradiation Therapy – 14 day","true","source_reconciled_rule_encoding","structured_rules","https://healthservice.hse.ie/documents/6513/509_v6_FOLFOX_6_Modified_Chemoradiation_Therapy.pdf","breastfeeding|oxaliplatin_renal_band|fluorouracil_renal_impairment|fluorouracil_bilirubin_umol_l|fluorouracil_ast_u_l|fluorouracil_hepatic_impairment","PREGNANCY_OR_BREASTFEEDING|OXALIPLATIN_SEVERE_RENAL|OXALIPLATIN_DIALYSIS|OF590_00509_OXALI_LT30|OF590_00509_OXALI_DIALYSIS|OF590_00509_5FU_RENAL_SEVERE|OF590_00509_5FU_BILI_GT85|OF590_00509_5FU_AST_GT180|OF590_00509_5FU_HEP_MOD|OF590_00509_5FU_HEP_SEV",""
"00511","nccp-00511-v2","protocols/sarcoma/00511-dacarbazine-1-2-g-m2-therapy-21-day.json","Dacarbazine 1.2 g/m² Therapy – 21 day","true","source_reconciled_rule_encoding","structured_rules","https://healthservice.hse.ie/documents/6741/511_V2_Dacarbazine.pdf","breastfeeding|dacarbazine_renal_band|dacarbazine_hepatic_status","PREGNANCY_BREASTFEEDING|DAC_CRCL_45_60|DAC_CRCL_30_44|DAC_CRCL_LT30|DAC_DIALYSIS|OF590_00511_DTIC_45_60|OF590_00511_DTIC_30_44|OF590_00511_DTIC_LT30|OF590_00511_DTIC_HEPATIC|OF590_00511_DTIC_SEVERE_HEPATIC",""
"00512","nccp-00512-v5","protocols/breast/00512-paclitaxel-trastuzumab-weekly.json","Paclitaxel 80 mg/m² and Trastuzumab Therapy – 7 day (12 weeks)","false","not_formally_audited","","https://healthservice.hse.ie/documents/6515/512_v5_PACLitaxel_Trastuzumab_Weekly.pdf","egfr|bilirubin_uln_multiple|alt_uln_multiple|breastfeeding|trastuzumab_infusion_reaction_grade","EXCLUSION_PREGNANCY_LACTATION|TRAS_IRR_G3",""
"00514","nccp-00514-v3","protocols/head-neck/00514-gemcitabine-1250-mg-m-monotherapy-21-day.json","Gemcitabine 1250 mg/m² Monotherapy – 21 day","false","not_formally_audited","","https://healthservice.hse.ie/documents/6899/514_V3_Gemcitabine_1250_21day.pdf","alt_ast_uln_multiple|bilirubin_uln_multiple|breastfeeding|gemcitabine_crcl_band","GEM_RENAL_LT30",""
"00515","nccp-00515-v7","protocols/gastrointestinal/00515-modified-folfirinox.json","FOLFIRINOX Modified Therapy","false","not_formally_audited","","https://healthservice.hse.ie/documents/6516/515_v7_FOLFIRINOX_modified.pdf","breastfeeding|haemodialysis|crcl_ml_min|bilirubin_ratio_uln|bilirubin_umol_l|ast_u_l|hepatic_impairment_severity","EXCLUSION_PREGNANCY_BREASTFEEDING|RENAL_SEVERE_EXCLUSION|OXALIPLATIN_RENAL_LT30|HAEMODIALYSIS_REVIEW|IRINOTECAN_BILI_GT3ULN|FIVEFU_HEPATIC_CONTRAINDICATED|FIVEFU_MODERATE_HEPATIC|FIVEFU_SEVERE_HEPATIC|PROCEED_NO_ENCODED_MODIFICATION",""
"00517","nccp-00517-v2","protocols/head-neck/00517-gemcitabine-1250-mg-m-and-cisplatin-80-mg-m-21-day.json","Gemcitabine 1250 mg/m² and Cisplatin 80 mg/m² – 21 day","false","not_formally_audited","","https://healthservice.hse.ie/documents/6897/517_V2_GemCis80.pdf","alt_ast_uln_multiple|bilirubin_uln_multiple|breastfeeding|cisplatin_crcl_band|gemcitabine_crcl_band","CIS_RENAL_50_59|CIS_RENAL_40_49|CIS_RENAL_LOW|GEM_RENAL_LT30",""
"00518","nccp-00518-v2","protocols/genitourinary/00518-cabozantinib-monotherapy.json","Cabozantinib Monotherapy","false","not_formally_audited","","https://healthservice.hse.ie/documents/6517/518_v2a_Cabozantinib_.pdf","alt_ast_uln_multiple|bilirubin_uln_multiple|diastolic_bp","TKI_BP_DIA",""
"00521","nccp-00521-v3","protocols/gastrointestinal/00521-gemcitabine-1000-mg-m2-and-radiotherapy.json","Gemcitabine 1000 mg/m² and Radiotherapy","true","source_reconciled_rule_encoding","structured_rules","https://healthservice.hse.ie/documents/6518/521_Gemcitabine_1000_and_RT_lz7Y1pW.pdf","breastfeeding|gemcitabine_renal_band|gemcitabine_bilirubin_band","PREGNANCY_OR_BREASTFEEDING|OF590_00521_GEM_RENAL_LT30|OF590_00521_GEM_BILI_GE27",""
"00522","nccp-00522-v4","protocols/gastrointestinal/00522-gemcitabine-400-mg-m2-and-radiotherapy.json","Gemcitabine 400 mg/m² and Radiotherapy","true","source_reconciled_rule_encoding","structured_rules","https://healthservice.hse.ie/documents/6519/522_v4_Gemcitabine_400_and_RT.pdf","breastfeeding|gemcitabine_renal_band|gemcitabine_bilirubin_band","PREGNANCY_OR_BREASTFEEDING|OF590_00522_GEM_RENAL_LT30|OF590_00522_GEM_BILI_GE27",""
"00523","nccp-00523-v5","protocols/gastrointestinal/00523-capecitabine-and-radiotherapy-7-day.json","Capecitabine and Radiotherapy – 7 day","true","source_reconciled_rule_encoding","structured_rules","https://healthservice.hse.ie/documents/6520/523_v5_Capecitabine_and_RT.pdf","breastfeeding|capecitabine_renal_band|capecitabine_bilirubin_uln|capecitabine_alt_ast_uln","PREGNANCY_OR_BREASTFEEDING|OF590_00523_CAPE_RENAL_30_50|OF590_00523_CAPE_RENAL_LT30|OF590_00523_CAPE_HEPATIC_HOLD",""
"00524","nccp-00524-v5","protocols/gastrointestinal/00524-gemcitabine-1000-mg-m2-and-capecitabine-830-mg-m2-28-day.json","Gemcitabine 1000 mg/m² and Capecitabine 830 mg/m² – 28 day","true","source_reconciled_rule_encoding","structured_rules","https://healthservice.hse.ie/documents/6521/524_v5_Gemcitabine_and_capecitabine-28_day.pdf","breastfeeding|gemcitabine_renal_band|gemcitabine_bilirubin_band|capecitabine_renal_band|capecitabine_bilirubin_uln|capecitabine_alt_ast_uln","PREGNANCY_OR_BREASTFEEDING|OF590_00524_GEM_RENAL_LT30|OF590_00524_GEM_BILI_GE27|OF590_00524_CAPE_RENAL_30_50|OF590_00524_CAPE_RENAL_LT30|OF590_00524_CAPE_HEPATIC_HOLD",""
"00525","nccp-00525-vcurrent","protocols/breast/00525-ribociclib-metastatic.json","Ribociclib Therapy (Metastatic) - 28 day","false","not_formally_audited","","https://healthservice.hse.ie/documents/6629/525_v6_Ribociclib_Metastatic_hghzyyD.pdf","child_pugh|ast_alt_grade|bilirubin_elevated|renal_band","DIALYSIS|CRCL_LT30|CHILDPUGH_BC|LIVER_DILI",""
"00526","nccp-00526-v5","protocols/breast/00526-pertuzumab-trastuzumab-vinorelbine.json","Pertuzumab, Trastuzumab and Vinorelbine - 21 day","false","not_formally_audited","","https://healthservice.hse.ie/documents/6630/526_v5_Pertuzumab_Vinorelbine_trastuzumab_zOGbzKp.pdf","breastfeeding|hepatic_impairment|weeks_since_last_dose","EXCLUSION_PREG_LACT|HEPATIC_SEVERE|HER2_EXCLUSION_PREGNANCY_BREASTFEEDING|HER2_MISSED_DOSE_RELOAD",""
"00535","nccp-00535-v6b","protocols/genitourinary/00535-avelumab-monotherapy.json","Avelumab Monotherapy","false","not_formally_audited","","https://healthservice.hse.ie/documents/8038/535_Avelumab.pdf","alt_ast_uln_multiple|bilirubin_uln_multiple|creatinine_ratio_baseline_or_uln","ICI_RENAL",""
"00544","nccp-00544-v14","protocols/lung/00544-atezolizumab-1200-mg-monotherapy-21-day.json","Atezolizumab 1200 mg Monotherapy – 21 day","false","not_formally_audited","","https://healthservice.hse.ie/documents/6644/544_v14_Atezolizumab_21_Day_Monotherapy.pdf","breastfeeding|alt_ast_uln_multiple|bilirubin_uln_multiple|creatinine_ratio_baseline_or_uln","PREGNANCY_BREASTFEEDING|ICI_HEPATITIS_WITHHOLD|ICI_HEPATITIS_STOP|ICI_BILI_WITHHOLD|ICI_RENAL_G2|ICI_RENAL_G3",""
"00545","nccp-00545-v3","protocols/breast/00545-zoledronic-acid-adjuvant.json","Zoledronic Acid Monotherapy","false","not_formally_audited","","https://healthservice.hse.ie/documents/6381/545_Zoledronic_acid.pdf","crcl|baseline_creatinine|current_creatinine|breastfeeding","EXCLUSION_PREGNANCY_BREASTFEEDING|CRCL_LT30|CRCL_30_39|CRCL_40_49|CRCL_50_60",""
"00546","nccp-00546-v3","protocols/genitourinary/00546-docetaxel-prednisolone.json","Docetaxel 75 mg/m² – Prednisolone Combination Therapy","false","not_formally_audited","","https://healthservice.hse.ie/documents/6382/546_v3_Docetaxel_75-prednisolone_combination_therapy.pdf","hepatic_band","HEPATIC_75|HEPATIC_50|HEPATIC_STOP",""
"00551","nccp-00551-v7","protocols/shared/00551-nivolumab-3-mg-kg-with-ipilimumab-1-mg-kg-therapy.json","Nivolumab 3 mg/kg with Ipilimumab 1 mg/kg Therapy","false","not_formally_audited","","https://healthservice.hse.ie/documents/6385/551_Nivolumab_3mgkg_Ipilimumab_1mgk.pdf","breastfeeding|creatinine_ratio_baseline_or_uln|alt_ast_uln_multiple|bilirubin_uln_multiple","PREGNANCY_OR_BREASTFEEDING|ICI_NEPHRITIS_RATIO|ICI_HEPATITIS_TRANSAMINASE|ICI_HEPATITIS_BILIRUBIN",""
"00552","nccp-00552-v6","protocols/head-neck/00552-carboplatin-auc-5-and-5-fluorouracil-1000-mg-m-day-28-day.json","Carboplatin AUC 5 and 5-Fluorouracil 1000 mg/m²/day – 28 day","false","not_formally_audited","","https://healthservice.hse.ie/documents/6983/552_CARBOplatin_auc5_5fu.pdf","alt_ast_uln_multiple|bilirubin_uln_multiple|breastfeeding|gfr_or_crcl_ml_min|bilirubin_umol_l|ast_u_l","CARBO_GFR_LE20|5FU_HEPATIC|5FU_AST",""
"00554","nccp-00554-v2","protocols/sarcoma/00554-vinblastine-and-methotrexate-therapy.json","Vinblastine and Methotrexate Therapy","false","not_formally_audited","","https://healthservice.hse.ie/documents/6742/554_v2_vinblastine_MTX_SAMV.pdf","breastfeeding|bilirubin_uln_multiple|methotrexate_renal_band|methotrexate_hepatic_band|vinblastine_hepatic_band","PREGNANCY_BREASTFEEDING|MTX_CRCL_60_80|MTX_CRCL_45_59|MTX_CRCL_30_44|MTX_CRCL_LT30|MTX_HD|MTX_HEP_MOD|MTX_HEP_SEV|VBL_HEP_HALF|VBL_HEP_OMIT",""
"00555","nccp-00555-v6b","protocols/gastrointestinal/00555-folfoxiri.json","FOLFOXIRI Therapy","false","not_formally_audited","","https://healthservice.hse.ie/documents/6386/555_v6b_FOLFOXIRI_therapy.pdf","breastfeeding|crcl_ml_min|hepatic_impairment_severity|bilirubin_umol_l|ast_u_l|bilirubin_ratio_uln","CRCL_LT30|BILI_GT3|PROCEED",""
"00558","nccp-00558-v12b","protocols/shared/00558-pembrolizumab-400mg-monotherapy.json","Pembrolizumab 400 mg Monotherapy","false","not_formally_audited","","https://healthservice.hse.ie/documents/6389/558_v12b_Pembrolizumab_400mg_monotherapy.pdf","breastfeeding|creatinine_ratio_baseline_or_uln|alt_ast_uln_multiple|bilirubin_uln_multiple|liver_metastases_baseline_grade2|ast_alt_increase_50_percent_for_week","PREGNANCY_BREASTFEEDING_REVIEW|NEPHRITIS_G2|NEPHRITIS_G3_PLUS|HEPATITIS_WITHHOLD|HEPATITIS_PERMANENT",""
"00559","nccp-00559-v3","protocols/gastrointestinal/00559-gemcitabine-600-mg-m2-and-radiotherapy.json","Gemcitabine 600 mg/m² and Radiotherapy","true","source_reconciled_rule_encoding","structured_rules","https://healthservice.hse.ie/documents/6390/559_v3_Gemcitabine_600_and_RT.pdf","breastfeeding|gemcitabine_renal_band|gemcitabine_bilirubin_band","PREGNANCY_OR_BREASTFEEDING|OF590_00559_GEM_RENAL_LT30|OF590_00559_GEM_BILI_GE27",""
"00561","nccp-00561-v4","protocols/lung/00561-carboplatin-auc3-etoposide-50-mg-m2-and-thoracic-radiotherapy-28-day.json","Carboplatin AUC3, Etoposide 50 mg/m² and Thoracic Radiotherapy – 28 day","false","not_formally_audited","","https://healthservice.hse.ie/documents/6896/561_V4_CarboAUC3_etoposide_RT.pdf","breastfeeding|gfr_crcl_ml_min|etoposide_renal_band|bilirubin_uln_multiple","PREGNANCY_BREASTFEEDING|CARBO_GFR_20_OR_LESS|CARBO_GFR_20_30|ETOP_RENAL_15_49|ETOP_RENAL_LT15|ETOP_DIALYSIS|ETOP_BILI_HIGH",""
"00562","nccp-00562-v3","protocols/lung/00562-brigatinib-therapy.json","Brigatinib Therapy","true","source_reconciled_rule_encoding","structured_rules","https://healthservice.hse.ie/documents/6895/562_v3_brigatinib.pdf","breastfeeding|alt_ast_uln_multiple|bilirubin_uln_multiple|targeted_renal_band|targeted_hepatic_band","PREGNANCY_BREASTFEEDING|TARGET_HEPATITIS|OF590_00562_BRIG_RENAL|OF590_00562_BRIG_CHILD_C",""
"00563","nccp-00563-v3","protocols/skin/00563-encorafenib-and-binimetinib-therapy.json","Encorafenib and Binimetinib Therapy","false","not_formally_audited","","https://healthservice.hse.ie/documents/6744/563_V3_Encorafenib-and-Binimetinib_Therapy.pdf","breastfeeding|alt_ast_uln_multiple|bilirubin_uln_multiple","BREASTFEEDING",""
"00564","nccp-00564-v3","protocols/genitourinary/00564-tivozanib-monotherapy.json","Tivozanib Monotherapy","false","not_formally_audited","","https://healthservice.hse.ie/documents/6391/564_v3_Tivozanib.pdf","alt_ast_uln_multiple|bilirubin_uln_multiple|diastolic_bp","TKI_BP_DIA",""
"00565","nccp-00565-v3","protocols/lung/00565-dacomitinib-monotherapy.json","Dacomitinib Monotherapy","true","source_reconciled_rule_encoding","structured_rules","https://healthservice.hse.ie/documents/6894/565_V3_Dacomitinib.pdf","breastfeeding|alt_ast_uln_multiple|bilirubin_uln_multiple|targeted_renal_band|targeted_hepatic_band","PREGNANCY_BREASTFEEDING|TARGET_HEPATITIS|OF590_00565_DACO_RENAL_SEV|OF590_00565_DACO_CHILD_C",""
"00568","nccp-00568-v5","protocols/lung/00568-pembrolizumab-pemetrexed-and-carboplatin-auc5-therapy.json","Pembrolizumab, Pemetrexed and Carboplatin AUC5 Therapy","false","not_formally_audited","","https://healthservice.hse.ie/documents/6891/568_V5_Pembrolizumab_PEMEtrexed_CARBOplatin.pdf","breastfeeding|gfr_crcl_ml_min|pemetrexed_renal_band|alt_ast_uln_multiple|bilirubin_uln_multiple|creatinine_ratio_baseline_or_uln","PREGNANCY_BREASTFEEDING|CARBO_GFR_20_OR_LESS|CARBO_GFR_20_30|PEME_RENAL_30_44|PEME_RENAL_LT30|PEME_DIALYSIS|ICI_HEPATITIS_WITHHOLD|ICI_HEPATITIS_STOP|ICI_BILI_WITHHOLD|ICI_RENAL_G2|ICI_RENAL_G3",""
"00569","nccp-00569-v5","protocols/lung/00569-pembrolizumab-pemetrexed-and-cisplatin-therapy.json","Pembrolizumab, Pemetrexed and Cisplatin Therapy","false","not_formally_audited","","https://healthservice.hse.ie/documents/6890/569_V5_Pembrolizumab_PEMEtrexed_and_CISplatin.pdf","breastfeeding|cisplatin_renal_band|pemetrexed_renal_band|alt_ast_uln_multiple|bilirubin_uln_multiple|creatinine_ratio_baseline_or_uln","PREGNANCY_BREASTFEEDING|CISPLATIN_RENAL_45_59|CISPLATIN_RENAL_LT45|CISPLATIN_RENAL_LT30|CISPLATIN_DIALYSIS|PEME_RENAL_30_44|PEME_RENAL_LT30|PEME_DIALYSIS|ICI_HEPATITIS_WITHHOLD|ICI_HEPATITIS_STOP|ICI_BILI_WITHHOLD|ICI_RENAL_G2|ICI_RENAL_G3",""
"00570","nccp-00570-v3","protocols/lung/00570-lorlatinib-therapy.json","Lorlatinib Therapy","true","source_reconciled_rule_encoding","structured_rules","https://healthservice.hse.ie/documents/6889/570_V3_Lorlatinib_therapy_.pdf","breastfeeding|alt_ast_uln_multiple|bilirubin_uln_multiple|targeted_renal_band|targeted_hepatic_band","PREGNANCY_BREASTFEEDING|TARGET_HEPATITIS|OF590_00570_LOR_RENAL|OF590_00570_LOR_DIALYSIS|OF590_00570_LOR_HEP",""
"00574","nccp-00574-v4","protocols/genitourinary/00574-apalutamide.json","Apalutamide Therapy","false","not_formally_audited","","https://healthservice.hse.ie/documents/6392/574_v4_Apalutamide.pdf","renal_band|child_pugh","RENAL_SEVERE|CHILD_C",""
"00576","nccp-00576-v5","protocols/lung/00576-durvalumab-monotherapy-10-mg-kg-14-day.json","Durvalumab Monotherapy 10 mg/kg – 14 day","false","not_formally_audited","","https://healthservice.hse.ie/documents/6888/576_Durvalumab.pdf","breastfeeding|alt_ast_uln_multiple|bilirubin_uln_multiple|creatinine_ratio_baseline_or_uln","PREGNANCY_BREASTFEEDING|ICI_HEPATITIS_WITHHOLD|ICI_HEPATITIS_STOP|ICI_BILI_WITHHOLD|ICI_RENAL_G2|ICI_RENAL_G3",""
"00577","nccp-00577-v3","protocols/genitourinary/00577-abiraterone-prednisolone-mhspc.json","Abiraterone and prednisolone Therapy (mHSPC)","false","not_formally_audited","","https://healthservice.hse.ie/documents/6393/577_v3_Abiraterone_and_prednisoLONE_Therapy.pdf","bilirubin_uln_multiple|alt_ast_uln_multiple|alp_u_l|creatinine_below_1_5_uln|child_pugh|active_hepatitis_or_chronic_liver_disease|adrenal_dysfunction|high_risk_factor_count|brain_metastases","BILIRUBIN_ELIGIBILITY|TRANSAMINASE_ELIGIBILITY|ALP_ELIGIBILITY|CREATININE_ELIGIBILITY|CHILD_PUGH_B|CHILD_PUGH_C|HEPATITIS_EXCLUSION|ADRENAL_EXCLUSION|BRAIN_METS",""
"00579","nccp-00579-v5a","protocols/lung/00579-pembrolizumab-paclitaxel-and-carboplatin-auc6-therapy.json","Pembrolizumab, Paclitaxel and Carboplatin AUC6 Therapy","false","not_formally_audited","","https://healthservice.hse.ie/documents/6887/579_V5a_pembrolizumab_carboplatin_paclitaxel.pdf","breastfeeding|gfr_crcl_ml_min|bilirubin_uln_multiple|alt_ast_uln_multiple|creatinine_ratio_baseline_or_uln","PREGNANCY_BREASTFEEDING|CARBO_GFR_20_OR_LESS|CARBO_GFR_20_30|PACLITAXEL_BILI_GT3|ICI_HEPATITIS_WITHHOLD|ICI_HEPATITIS_STOP|ICI_BILI_WITHHOLD|ICI_RENAL_G2|ICI_RENAL_G3",""
"00583","nccp-00583-v3b","protocols/genitourinary/00583-pembrolizumab-200-mg-and-axitinib-therapy.json","Pembrolizumab 200 mg and Axitinib Therapy","false","not_formally_audited","","https://healthservice.hse.ie/documents/6394/583_v3b_Pembrolizumab_200mg_Axitinib_therapy.pdf","alt_ast_uln_multiple|bilirubin_uln_multiple|creatinine_ratio_baseline_or_uln|diastolic_bp","ICI_RENAL|TKI_BP_DIA",""
"00585","nccp-00585-v5b","protocols/gastrointestinal/00585-cetuximab-14-day-and-folfiri-14-day-therapy.json","Cetuximab (14 day) and FOLFIRI (14 day) Therapy","true","source_reconciled_rule_encoding","structured_rules","https://healthservice.hse.ie/documents/6395/585_v5b_Cetuximab_14_days_FOLFIRI.pdf","breastfeeding|bilirubin_uln_multiple|irinotecan_renal_band|irinotecan_bilirubin_uln|fluorouracil_renal_impairment|fluorouracil_bilirubin_umol_l|fluorouracil_ast_u_l|fluorouracil_hepatic_impairment","PREGNANCY_OR_BREASTFEEDING|IRINOTECAN_BILIRUBIN_OVER_3ULN|OF590_00585_IRINO_DIALYSIS|OF590_00585_IRINO_BILI_1_5_3|OF590_00585_IRINO_BILI_GT3|OF590_00585_5FU_RENAL_SEVERE|OF590_00585_5FU_BILI_GT85|OF590_00585_5FU_AST_GT180|OF590_00585_5FU_HEP_MOD|OF590_00585_5FU_HEP_SEV",""
"00586","nccp-00586-v3","protocols/gastrointestinal/00586-capecitabine-825-mg-m2-and-radiotherapy-7-day.json","Capecitabine 825 mg/m² and Radiotherapy – 7 day","true","source_reconciled_rule_encoding","structured_rules","https://healthservice.hse.ie/documents/6396/586_v3_Capecitabine_825_and_RT.pdf","breastfeeding|capecitabine_renal_band|capecitabine_bilirubin_uln|capecitabine_alt_ast_uln","PREGNANCY_OR_BREASTFEEDING|OF590_00586_CAPE_RENAL_30_50|OF590_00586_CAPE_RENAL_LT30|OF590_00586_CAPE_HEPATIC_HOLD",""
"00587","nccp-00587-v2","protocols/lung/00587-topotecan-oral-monotherapy.json","Topotecan Oral Monotherapy","true","source_reconciled_rule_encoding","structured_rules","https://healthservice.hse.ie/documents/6886/587_V2_Topotecan_PO.pdf","breastfeeding|topotecan_renal_band|topotecan_oral_renal_band|hepatic_impairment_evidence","PREGNANCY_BREASTFEEDING|TOPO_RENAL_20_39|TOPO_RENAL_LT20|TOPO_DIALYSIS|OF590_00587_TOPO_ORAL_30_49|OF590_00587_TOPO_ORAL_LT30|OF590_00587_TOPO_ORAL_HEPATIC",""
"00588","nccp-00588-v5b","protocols/shared/00588-olaparib-tablet-monotherapy.json","Olaparib (Tablet) Monotherapy","false","not_formally_audited","","https://healthservice.hse.ie/documents/6397/588_Olaparib_tablet_monotherapy_FZxXOtF.pdf","crcl_ml_min|haemodialysis|child_pugh_class","RENAL_CRCL_GT50|RENAL_CRCL_30_TO_50|RENAL_CRCL_LT30|RENAL_HAEMODIALYSIS|HEPATIC_CHILD_PUGH_A|HEPATIC_CHILD_PUGH_B|HEPATIC_CHILD_PUGH_C",""
"00589","nccp-00589-v4","protocols/head-neck/00589-carboplatin-70-mg-m-and-5-fluorouracil-600-mg-m-with-radiotherapy.json","Carboplatin 70 mg/m² and 5-Fluorouracil 600 mg/m² with Radiotherapy","false","not_formally_audited","","https://healthservice.hse.ie/documents/6986/589_CARBOplatin_70_5_Fluorouracil_600.pdf","alt_ast_uln_multiple|bilirubin_uln_multiple|breastfeeding|gfr_or_crcl_ml_min|bilirubin_umol_l|ast_u_l","CARBO_GFR_LE20|5FU_HEPATIC|5FU_AST",""
"00591","nccp-00591-v3","protocols/head-neck/00591-carboplatin-auc-4-and-5-fluorouracil-600-mg-m-with-radiotherapy.json","Carboplatin AUC 4 and 5-Fluorouracil 600 mg/m² with Radiotherapy","false","not_formally_audited","","https://healthservice.hse.ie/documents/6988/591_CARBOplatin_AUC4_and_5-Fluorouracil_600.pdf","alt_ast_uln_multiple|bilirubin_uln_multiple|breastfeeding|gfr_or_crcl_ml_min|bilirubin_umol_l|ast_u_l","CARBO_GFR_LE20|5FU_HEPATIC|5FU_AST",""
"00592","nccp-00592-v3","protocols/shared/00592-atezolizumab-840-mg-monotherapy-14-day.json","Atezolizumab 840 mg Monotherapy – 14 day","false","not_formally_audited","","https://healthservice.hse.ie/documents/6398/592_v3_Atezolizumab_840mg_Monotherapy_14_Day.pdf","breastfeeding|alt_ast_uln_multiple|bilirubin_uln_multiple|creatinine_ratio_baseline_or_uln","PREGNANCY_BREASTFEEDING|ICI_HEPATITIS_WITHHOLD|ICI_HEPATITIS_STOP|ICI_BILI_WITHHOLD|ICI_RENAL_G2|ICI_RENAL_G3",""
"00593","nccp-00593-v10a","protocols/lung/00593-atezolizumab-maintenance.json","Atezolizumab 1680 mg Monotherapy – 28 day","false","not_formally_audited","","https://healthservice.hse.ie/documents/6399/593_v10a_Atezolizumab_1680mg_Monotherapy.pdf","breastfeeding|alt_ast_uln_multiple|bilirubin_uln_multiple|creatinine_ratio_baseline_or_uln|rash_grade_2_over_one_week","PREGNANCY_OR_BREASTFEEDING_REVIEW|HEPATITIS_WITHHOLD|HEPATITIS_PERMANENT|NEPHRITIS_G2|NEPHRITIS_G3_G4",""
"00594","nccp-00594-v3b","protocols/gastrointestinal/00594-cisplatin-5-fluorouracil-and-radiation-therapy.json","Cisplatin, 5-Fluorouracil and Radiation Therapy","true","source_reconciled_rule_encoding","structured_rules","https://healthservice.hse.ie/documents/6400/594_v3b_CISplatin_5-Fluorouracil_Chemoradiation_Therapy.pdf","breastfeeding|cisplatin_crcl_band|fluorouracil_renal_impairment|fluorouracil_bilirubin_umol_l|fluorouracil_ast_u_l|fluorouracil_hepatic_impairment","PREGNANCY_OR_BREASTFEEDING|CISPLATIN_CRCL_45_59|CISPLATIN_CRCL_LT45|CISPLATIN_DIALYSIS|OF590_00594_5FU_RENAL_SEVERE|OF590_00594_5FU_BILI_GT85|OF590_00594_5FU_AST_GT180|OF590_00594_5FU_HEP_MOD|OF590_00594_5FU_HEP_SEV|OF590_00594_CIS_45_59|OF590_00594_CIS_LT45|OF590_00594_CIS_DIALYSIS",""
"00596","nccp-00596-v2","protocols/sarcoma/00596-ifosfamide-and-etoposide-ie-therapy.json","Ifosfamide and Etoposide (IE) Therapy","false","not_formally_audited","","https://healthservice.hse.ie/documents/6747/596_v2_Ifosfamide_Etoposide_IE_Therapy.pdf","breastfeeding|ifosfamide_renal_band|etoposide_renal_band|bilirubin_uln_multiple|etoposide_hepatic_band","PREGNANCY_BREASTFEEDING|ETO_CRCL_10_50|ETO_HD|ETO_HEP_MOD|ETO_HEP_SEV|IFO_RENAL_LT50|IFO_DIALYSIS",""
"00601","nccp-00601-v3","protocols/haemato-oncology/plasma-cell/00601-pomalidomide-bortezomib-dexamethasone.json","Pomalidomide, Bortezomib and Dexamethasone (PVD)","false","not_formally_audited","","https://healthservice.hse.ie/documents/6748/601_v3_PVD_Pomalidomide_Bortezomib_Dexamethasone.pdf","crcl_ml_min|haemodialysis|bilirubin_ratio_uln|breastfeeding|child_pugh_class","601_EXCLUSIONS|601_POM_DIALYSIS|601_POM_CHILD_AB|601_POM_CHILD_C|601_HEPATIC_BORTEZOMIB|601_DIALYSIS_BORTEZOMIB",""
"00602","nccp-00602-v1","protocols/genitourinary/00602-paclitaxel-ifosfamide-and-cisplatin-tip-therapy.json","Paclitaxel, Ifosfamide and Cisplatin (TIP) Therapy","false","not_formally_audited","","https://healthservice.hse.ie/documents/6411/602_v1_TIP.pdf","alt_ast_uln_multiple|bilirubin_uln_multiple|cisplatin_renal_band","CIS_RENAL_50|CIS_RENAL_40|CIS_RENAL_LOW",""
"00604","nccp-00604-v2d","protocols/haemato-oncology/plasma-cell/00604-daratumumab-sc-monotherapy.json","Daratumumab SC Monotherapy","false","not_formally_audited","","https://healthservice.hse.ie/documents/6749/604_v2d_Daratumumab_SC.pdf","crcl_ml_min|haemodialysis|bilirubin_ratio_uln|breastfeeding|severe_uncontrolled_asthma_or_obstructive_airways_disease","604_EXCLUSIONS|604_DARA_NO_RENAL_REDUCTION|604_DARA_NO_HEPATIC_REDUCTION",""
"00605","nccp-00605-v2","protocols/breast/00605-talazoparib.json","Talazoparib Therapy","false","not_formally_audited","","https://healthservice.hse.ie/documents/6414/605_v2_Talazoparib_Therapy.pdf","crcl|bilirubin_uln|ast_uln|symptomatic_cns_or_leptomeningeal|breastfeeding","RENAL_30_59|RENAL_15_29|RENAL_LT15|BREASTFEED",""
"00609","nccp-00609-v4","protocols/haemato-oncology/plasma-cell/00609-daratumumab-sc-bortezomib-dexamethasone.json","Daratumumab SC, Bortezomib and Dexamethasone","false","not_formally_audited","","https://healthservice.hse.ie/documents/6750/609_v4_Daratumumab_SC_1800mg_BorDex.pdf","crcl_ml_min|haemodialysis|bilirubin_ratio_uln|breastfeeding|severe_uncontrolled_asthma_or_obstructive_airways_disease","609_EXCLUSIONS|609_DARA_NO_RENAL_REDUCTION|609_DARA_NO_HEPATIC_REDUCTION|609_HEPATIC_BORTEZOMIB|609_DIALYSIS_BORTEZOMIB",""
"00614","nccp-00614-v4","protocols/lung/00614-carboplatin-and-vinorelbine-therapy-21-day.json","Carboplatin and Vinorelbine Therapy – 21 day","false","not_formally_audited","","https://healthservice.hse.ie/documents/6884/614_V4_Carboplatin_Vinorelbine.pdf","breastfeeding|gfr_crcl_ml_min|bilirubin_uln_multiple|alt_ast_uln_multiple","PREGNANCY_BREASTFEEDING|CARBO_GFR_20_OR_LESS|CARBO_GFR_20_30|VIN_BILI_1_5_3|VIN_BILI_GT3",""
"00615","nccp-00615-v2","protocols/head-neck/00615-cyclophosphamide-doxorubicin-and-cisplatin-21-day.json","Cyclophosphamide, Doxorubicin and Cisplatin – 21 day","false","not_formally_audited","","https://healthservice.hse.ie/documents/6994/615_V2_Cyclodoxcis.pdf","alt_ast_uln_multiple|bilirubin_uln_multiple|breastfeeding|cisplatin_crcl_band","CIS_RENAL_50_59|CIS_RENAL_40_49|CIS_RENAL_LOW",""
"00619","nccp-00619-vcurrent","protocols/breast/00619-abemaciclib-adjuvant.json","Abemaciclib with endocrine therapy – adjuvant","false","not_formally_audited","","https://healthservice.hse.ie/documents/6415/619_Abemaciclib.pdf","alt_grade|ast_grade|child_pugh_class|renal_band","HEPATIC_GRADE3_PLUS|CHILD_PUGH_C|SEVERE_RENAL_REVIEW",""
"00620","nccp-00620-v2","protocols/gynaecology/00620-bevacizumab-7-5-mg-kg-carboplatin-auc-5-and-paclitaxel-175-mg-m-therapy.json","Bevacizumab 7.5 mg/kg, Carboplatin AUC 5 and Paclitaxel 175 mg/m² Therapy","false","not_formally_audited","","https://healthservice.hse.ie/documents/6852/620_V2_BevPacliCarbo.pdf","alt_ast_uln_multiple|bilirubin_uln_multiple|gfr_or_crcl_ml_min|diastolic_bp","CARBO_GFR_LOW|TAXANE_LFT|BEV_BP_DIA",""
"00621","nccp-00621-v9","protocols/breast/00621-paclitaxel-weekly-3-of-4.json","Paclitaxel 80 mg/m² Days 1, 8 and 15 – 28 day","false","not_formally_audited","","https://healthservice.hse.ie/documents/6688/621_V3_Paclitaxel_80.pdf","breastfeeding|severe_hepatic_impairment|alt_ratio_uln|bilirubin_ratio_uln","EXCLUSION_BREASTFEEDING|EXCLUSION_SEVERE_HEPATIC_IMPAIRMENT|HEPATIC_CONTRAINDICATED|HEPATIC_50_PERCENT|HEPATIC_75_PERCENT|HEPATIC_NO_REDUCTION",""
"00622","nccp-00622-v3","protocols/genitourinary/00622-gemcitabine-and-cisplatin-35-mg-m-21-day.json","Gemcitabine and Cisplatin 35 mg/m² – 21 day","false","not_formally_audited","","https://healthservice.hse.ie/documents/6687/622_v3_GemCis35_21day.pdf","alt_ast_uln_multiple|bilirubin_uln_multiple|cisplatin_renal_band","CIS_RENAL_50|CIS_RENAL_40|CIS_RENAL_LOW",""
"00623","nccp-00623-v3a","protocols/gastrointestinal/00623-bevacizumab-7-5-mg-kg-and-capecitabine-1250-mg-m2-therapy.json","Bevacizumab 7.5 mg/kg and Capecitabine 1250 mg/m² Therapy","true","source_reconciled_rule_encoding","structured_rules","https://healthservice.hse.ie/documents/6686/623_v3a_Bevacizumab_Capecitabine.pdf","breastfeeding|diastolic_bp_mmhg|gi_perforation_or_fistula|capecitabine_renal_band|capecitabine_bilirubin_uln|capecitabine_alt_ast_uln","PREGNANCY_OR_BREASTFEEDING|UNCONTROLLED_HYPERTENSION|OF590_00623_CAPE_RENAL_30_50|OF590_00623_CAPE_RENAL_LT30|OF590_00623_CAPE_HEPATIC_HOLD",""
"00624","nccp-00624-v3","protocols/gynaecology/00624-carboplatin-pegylated-liposomal-doxorubicin.json","Carboplatin AUC 5 and Pegylated Liposomal Doxorubicin 30 mg/m² Therapy — 28 day","false","not_formally_audited","","https://healthservice.hse.ie/documents/6685/624_V3_Carbo_AUC5_pegylated_dox_30.pdf","gfr_ml_min|bilirubin_micromol_l|pregnancy_or_breastfeeding","PREGNANCY_LACTATION|CARBOPLATIN_GFR_20_OR_LESS|CARBOPLATIN_GFR_20_TO_30|PLD_BILIRUBIN_20_51|PLD_BILIRUBIN_OVER_51",""
"00628","nccp-00628-v3","protocols/genitourinary/00628-gemcitabine-and-cisplatin-70-mg-m-21-day.json","Gemcitabine and Cisplatin 70 mg/m² – 21 day","false","not_formally_audited","","https://healthservice.hse.ie/documents/6684/628_v3_GemCis70_21_day.pdf","alt_ast_uln_multiple|bilirubin_uln_multiple|cisplatin_renal_band","CIS_RENAL_50|CIS_RENAL_40|CIS_RENAL_LOW",""
"00642","nccp-00642-v2","protocols/gastrointestinal/00642-lutetium-177-oxodotreotide-lutathera-therapy.json","Lutetium-177 Oxodotreotide (Lutathera) Therapy","true","source_reconciled_rule_encoding","structured_rules","https://healthservice.hse.ie/documents/6683/642_v2_Lutetium_Lu177_oxodotretide.pdf","breastfeeding|renal_band|lutathera_renal_band|lutathera_hepatic_band|lutathera_renal_toxicity|lutathera_hepatic_toxicity","PREGNANCY_OR_BREASTFEEDING|LUTATHERA_RENAL_30_49|LUTATHERA_RENAL_LT30|LUTATHERA_DIALYSIS|OF590_00642_LUTA_LT30|OF590_00642_LUTA_30_39|OF590_00642_LUTA_HEP_SEV|OF590_00642_LUTA_RENAL_TOX|OF590_00642_LUTA_HEP_TOX",""
"00643","nccp-00643-v3","protocols/haemato-oncology/plasma-cell/00643-rvd-28-day.json","Bortezomib, Lenalidomide and dexamethasone (RVD) Therapy – 28 day","false","not_formally_audited","","https://healthservice.hse.ie/documents/6762/643_v3_BortezomibLenDex_28_day.pdf","crcl_ml_min|haemodialysis|bilirubin_ratio_uln|pregnancy_or_breastfeeding","643_EXCLUSIONS|643_RENAL_30_50|643_RENAL_BELOW30_NON_DIALYSIS|643_RENAL_DIALYSIS|643_HEPATIC_BORTEZOMIB",""
"00644","nccp-00644-v2","protocols/gastrointestinal/00644-lenvatinib-therapy-hcc.json","Lenvatinib Therapy – HCC","true","source_reconciled_rule_encoding","structured_rules","https://healthservice.hse.ie/documents/6682/644_v2_Lenvatinib-HCC_Therapy.pdf","breastfeeding|diastolic_bp_mmhg|gi_perforation_or_fistula|alt_ast_uln_multiple|bilirubin_uln_multiple|targeted_renal_band|targeted_hepatic_band|renal_toxicity_requires_interruption|hepatic_toxicity_requires_interruption","PREGNANCY_OR_BREASTFEEDING|UNCONTROLLED_HYPERTENSION|ORAL_TARGETED_LFT_REVIEW|ORAL_TARGETED_BILIRUBIN_REVIEW|OF590_00644_LEN_RENAL_LOW|OF590_00644_LEN_DIALYSIS|OF590_00644_LEN_CHILD_C|OF590_00644_LEN_RENAL_G3|OF590_00644_LEN_HEP_G3",""
"00654","nccp-00654-v2","protocols/gastrointestinal/00654-irinotecan-150-mg-m2-monotherapy-28-day.json","Irinotecan 150 mg/m² Monotherapy – 28 day","true","source_reconciled_rule_encoding","structured_rules","https://healthservice.hse.ie/documents/6681/654_v2_Irinotecan_150mg.m2_monotherapy-28day.pdf","breastfeeding|bilirubin_uln_multiple|irinotecan_renal_band|irinotecan_bilirubin_uln","PREGNANCY_OR_BREASTFEEDING|IRINOTECAN_BILIRUBIN_OVER_3ULN|OF590_00654_IRINO_DIALYSIS|OF590_00654_IRINO_BILI_1_5_3|OF590_00654_IRINO_BILI_GT3",""
"00655","nccp-00655-v3a","protocols/lung/00655-durvalumab-maintenance.json","Durvalumab 1500 mg Monotherapy – 28 day","false","not_formally_audited","","https://healthservice.hse.ie/documents/6883/655_V3a_Durvalumab_1500mg.pdf","breastfeeding|alt_ast_uln_multiple|bilirubin_uln_multiple|creatinine_ratio_baseline_or_uln|rash_grade_2_over_one_week","PREGNANCY_OR_BREASTFEEDING_REVIEW|HEPATITIS_WITHHOLD|HEPATITIS_PERMANENT|NEPHRITIS_G2|NEPHRITIS_G3_G4",""
"00658","nccp-00658-v2","protocols/neuro-oncology/00658-procarbazine-lomustine-and-vincristine-pcv-therapy-56-day.json","Procarbazine, Lomustine and Vincristine (PCV) Therapy – 56 Day","false","not_formally_audited","","https://healthservice.hse.ie/documents/6996/658_V2_PCV-8wk.pdf","breastfeeding|lomustine_renal_band|procarbazine_renal_band|bilirubin_umol_l|ast_alt_u_l","BREASTFEEDING|LOM_45_60|LOM_30_44|LOM_LT30|PROC_CR_GT177|PROC_RENAL_SEVERE|PROC_BILI_GT50|PROC_HEPATIC_CONTRA|VIN_HEPATIC_50_A|VIN_HEPATIC_50_B|VIN_HEPATIC_OMIT",""
"00659","nccp-00659-v2","protocols/breast/00659-t-dm1-early-breast.json","Trastuzumab Emtansine (Kadcyla®) Early Breast Cancer Therapy - 21 days","false","not_formally_audited","","https://healthservice.hse.ie/documents/6680/659_v2_Trastuzumab_Emtansine_EBC_21days.pdf","hypersensitivity|breastfeeding|ast_alt_grade|bilirubin_grade","PREG_LACT|FURTHER_REDUCTION",""
"00660","nccp-00660-v2b","protocols/gastrointestinal/00660-5fu-folinic-acid.json","5-Fluorouracil and Folinic Acid Therapy - 14 day","false","not_formally_audited","","https://healthservice.hse.ie/documents/6679/660_v2b_5FU_Folinic_acid.pdf","breastfeeding|crcl_ml_min|hepatic_impairment_severity|bilirubin_umol_l|ast_u_l","HEPATIC_MODERATE|HEPATIC_SEVERE|PROCEED",""
"00675","nccp-00675-v2","protocols/sarcoma/00675-ie-vac-therapy-two-weekly-intervals.json","IE–VAC Therapy – Two Weekly Intervals","false","not_formally_audited","","https://healthservice.hse.ie/documents/6766/675_v2_IE_VAC_Two_weekly.pdf","breastfeeding|bilirubin_uln_multiple|ifosfamide_renal_band|etoposide_renal_band|etoposide_hepatic_band","PREGNANCY_BREASTFEEDING|ETO_CRCL_10_50|ETO_HD|ETO_HEP_MOD|ETO_HEP_SEV|IFO_RENAL_LT50|IFO_DIALYSIS",""
"00676","nccp-00676-v3","protocols/gynaecology/00676-cisplatin-50-mg-m-chemoradiation-followed-by-carboplatin-auc-5-and-paclitaxel-175-mg-m.json","Cisplatin 50 mg/m² Chemoradiation followed by Carboplatin AUC 5 and Paclitaxel 175 mg/m²","false","not_formally_audited","","https://healthservice.hse.ie/documents/6673/676_v3_Cisplatin_50mgm2_with_RT_Pacli_Carbo.pdf","alt_ast_uln_multiple|bilirubin_uln_multiple|gfr_or_crcl_ml_min|cisplatin_renal_band","CARBO_GFR_LOW|CIS_50_59|CIS_40_49|CIS_LT40|TAXANE_LFT",""
"00680","nccp-00680-v2","protocols/sarcoma/00680-high-dose-ifosfamide-therapy-21-day.json","High Dose Ifosfamide Therapy – 21 day","true","source_reconciled_rule_encoding","structured_rules","https://healthservice.hse.ie/documents/6767/680_v2_Ifosfamide_highdose.pdf","breastfeeding|ifosfamide_renal_band|ifosfamide_hepatic_band","PREGNANCY_BREASTFEEDING|IFO_RENAL_LT50|IFO_DIALYSIS|OF590_00680_IFO_RENAL|OF590_00680_IFO_HEPATIC_SEVERE",""
"00688","nccp-00688-v2a","protocols/breast/00688-atezolizumab-nab-paclitaxel.json","Atezolizumab and nab-Paclitaxel","false","not_formally_audited","","https://healthservice.hse.ie/documents/6530/688_v2a_Atezolizumab_nab-PACLitaxel.pdf","breastfeeding|alt_ast_uln_multiple|bilirubin_uln_multiple|creatinine_ratio_baseline_or_uln|rash_grade_2_over_one_week","PREGNANCY_OR_BREASTFEEDING_REVIEW|HEPATITIS_WITHHOLD|HEPATITIS_PERMANENT|NEPHRITIS_G2|NEPHRITIS_G3_G4",""
"00689","nccp-00689-v4","protocols/lung/00689-atezolizumab-carboplatin-etoposide.json","Atezolizumab, Carboplatin AUC 5 and Etoposide 100 mg/m² — 21 day","false","not_formally_audited","","https://healthservice.hse.ie/documents/6882/689_V4_Atezolizumab_Etoposide_CARBOplatin.pdf","breastfeeding|alt_ast_uln_multiple|bilirubin_uln_multiple|creatinine_ratio_baseline_or_uln|rash_grade_2_over_one_week|gfr_ml_min|etoposide_crcl_ml_min|bilirubin_micromol_l|haemodialysis","ICI_PREGNANCY_OR_BREASTFEEDING_REVIEW|ICI_HEPATITIS_WITHHOLD|ICI_HEPATITIS_PERMANENT|ICI_NEPHRITIS_G2|ICI_NEPHRITIS_G3_G4|INDUCTION_CARBOPLATIN_GFR_20_OR_LESS|INDUCTION_CARBOPLATIN_GFR_20_TO30|INDUCTION_ETOPOSIDE_CRCL_10_TO50|INDUCTION_ETOPOSIDE_HEPATIC_REVIEW|INDUCTION_ETOPOSIDE_DIALYSIS",""
"00691","nccp-00691-v4","protocols/gastrointestinal/00691-folfirinox-therapy-rectal-carcinoma.json","FOLFIRINOX Therapy – Rectal Carcinoma","false","not_formally_audited","","https://healthservice.hse.ie/documents/6531/691_v4_Folfirinox_Rectal_carcinoma.pdf","breastfeeding|oxaliplatin_renal_band|bilirubin_uln_multiple","PREGNANCY_OR_BREASTFEEDING|OXALIPLATIN_SEVERE_RENAL|OXALIPLATIN_DIALYSIS|IRINOTECAN_BILIRUBIN_OVER_3ULN",""
"00692","nccp-00692-v2","protocols/gastrointestinal/00692-cetuximab-and-folfox-4-therapy.json","Cetuximab and FOLFOX-4 Therapy","true","source_reconciled_rule_encoding","structured_rules","https://healthservice.hse.ie/documents/6532/692_v2_Cetuximab_FOLFOX4.pdf","breastfeeding|oxaliplatin_renal_band|fluorouracil_renal_impairment|fluorouracil_bilirubin_umol_l|fluorouracil_ast_u_l|fluorouracil_hepatic_impairment","PREGNANCY_OR_BREASTFEEDING|OXALIPLATIN_SEVERE_RENAL|OXALIPLATIN_DIALYSIS|OF590_00692_OXALI_LT30|OF590_00692_OXALI_DIALYSIS|OF590_00692_5FU_RENAL_SEVERE|OF590_00692_5FU_BILI_GT85|OF590_00692_5FU_AST_GT180|OF590_00692_5FU_HEP_MOD|OF590_00692_5FU_HEP_SEV",""
"00693","nccp-00693-v2","protocols/genitourinary/00693-darolutamide.json","Darolutamide Therapy","false","not_formally_audited","","https://healthservice.hse.ie/documents/6533/693_v2_Darolutamide_Therapy.pdf","renal_band|child_pugh","RENAL_LT30|CHILD_BC",""
"00695","nccp-00695-v2","protocols/haemato-oncology/plasma-cell/00695-daratumumab-sc-weekly-bortezomib-dexamethasone.json","Daratumumab SC, Weekly Bortezomib and Dexamethasone","false","not_formally_audited","","https://healthservice.hse.ie/documents/6768/695_v2_Daratumumab_SC_1800mg_BorweeklyDex.pdf","crcl_ml_min|haemodialysis|bilirubin_ratio_uln|breastfeeding|severe_uncontrolled_asthma_or_obstructive_airways_disease","695_EXCLUSIONS|695_DARA_NO_RENAL_REDUCTION|695_DARA_NO_HEPATIC_REDUCTION|695_HEPATIC_BORTEZOMIB|695_DIALYSIS_BORTEZOMIB",""
"00696","nccp-00696-v2","protocols/head-neck/00696-paclitaxel-days-1-8-and-15-with-cetuximab-days-1-and-15-28-day.json","Paclitaxel Days 1, 8 and 15 with Cetuximab Days 1 and 15 – 28 day","false","not_formally_audited","","https://healthservice.hse.ie/documents/6769/696_PACLitaxel_Cetuximab_28day.pdf","alt_ast_uln_multiple|bilirubin_uln_multiple|breastfeeding","",""
"00702","nccp-00702-v2","protocols/lung/00702-entrectinib-monotherapy-adult.json","Entrectinib Monotherapy – Adult","true","source_reconciled_rule_encoding","structured_rules","https://healthservice.hse.ie/documents/6770/702_V2_Entrectinib_monotherapy.pdf","breastfeeding|alt_ast_uln_multiple|bilirubin_uln_multiple|targeted_renal_band|targeted_hepatic_band","PREGNANCY_BREASTFEEDING|TARGET_HEPATITIS|OF590_00702_ENT_RENAL_SEV|OF590_00702_ENT_HEP_SEV",""
"00704","nccp-00704-v3a","protocols/gastrointestinal/00704-trastuzumab-modified-folfox6.json","Trastuzumab and FOLFOX-6 Modified Therapy -14 day","false","not_formally_audited","","https://healthservice.hse.ie/documents/6534/704_v3a_Trastuzumab_FOLFOX6_Modified.pdf","breastfeeding|crcl_ml_min|haemodialysis|hepatic_impairment_category","EXCLUSION_PREGNANCY_OR_BREASTFEEDING|RENAL_HAEMODIALYSIS|RENAL_CRCL_BELOW30|HEPATIC_SEVERE|HEPATIC_MILD_MODERATE_WITH_RENAL",""
"00705","nccp-00705-v2d","protocols/head-neck/00705-pembrolizumab-carboplatin-auc-5-and-5-fluorouracil.json","Pembrolizumab, Carboplatin AUC 5 and 5-Fluorouracil","false","not_formally_audited","","https://healthservice.hse.ie/documents/6881/705_V2d_Pembrolizumab_CARBOplatin_5FU.pdf","alt_ast_uln_multiple|bilirubin_uln_multiple|breastfeeding|gfr_or_crcl_ml_min|bilirubin_umol_l|ast_u_l","CARBO_GFR_LE20|5FU_HEPATIC|5FU_AST",""
"00706","nccp-00706-v3","protocols/head-neck/00706-pembrolizumab-cisplatin-and-5-fluorouracil.json","Pembrolizumab, Cisplatin and 5-Fluorouracil","false","not_formally_audited","","https://healthservice.hse.ie/documents/6880/706_V3_Pembrolizumab_CISplatin_5FU_.pdf","alt_ast_uln_multiple|bilirubin_uln_multiple|breastfeeding|cisplatin_crcl_band|bilirubin_umol_l|ast_u_l","CIS_RENAL_50_59|CIS_RENAL_40_49|CIS_RENAL_LOW|5FU_HEPATIC|5FU_AST",""
"00712","nccp-00712-v3a","protocols/lung/00712-nivolumab-ipilimumab-carboplatin-and-paclitaxel-therapy.json","Nivolumab, Ipilimumab, Carboplatin and Paclitaxel Therapy","false","not_formally_audited","","https://healthservice.hse.ie/documents/6879/712_V3a_Nivolumab_ipili_plus_PACLitaxel-CARBOplatin.pdf","breastfeeding|gfr_crcl_ml_min|bilirubin_uln_multiple|alt_ast_uln_multiple|creatinine_ratio_baseline_or_uln","PREGNANCY_BREASTFEEDING|CARBO_GFR_20_OR_LESS|CARBO_GFR_20_30|PACLITAXEL_BILI_GT3|ICI_HEPATITIS_WITHHOLD|ICI_HEPATITIS_STOP|ICI_BILI_WITHHOLD|ICI_RENAL_G2|ICI_RENAL_G3",""
"00713","nccp-00713-v4","protocols/lung/00713-nivolumab-ipilimumab-pemetrexed-and-carboplatin-therapy.json","Nivolumab, Ipilimumab, Pemetrexed and Carboplatin Therapy","false","not_formally_audited","","https://healthservice.hse.ie/documents/6877/713_V4_Nivolumab_ipili_plus_PEMEtrexed-CARBOplatin_.pdf","breastfeeding|gfr_crcl_ml_min|pemetrexed_renal_band|alt_ast_uln_multiple|bilirubin_uln_multiple|creatinine_ratio_baseline_or_uln","PREGNANCY_BREASTFEEDING|CARBO_GFR_20_OR_LESS|CARBO_GFR_20_30|PEME_RENAL_30_44|PEME_RENAL_LT30|PEME_DIALYSIS|ICI_HEPATITIS_WITHHOLD|ICI_HEPATITIS_STOP|ICI_BILI_WITHHOLD|ICI_RENAL_G2|ICI_RENAL_G3",""
"00714","nccp-00714-v4","protocols/lung/00714-nivolumab-ipilimumab-pemetrexed-and-cisplatin-therapy.json","Nivolumab, Ipilimumab, Pemetrexed and Cisplatin Therapy","false","not_formally_audited","","https://healthservice.hse.ie/documents/6876/714_V4_Nivolumab_ipili_plus_PEMEtrexed-CISplatin.pdf","breastfeeding|cisplatin_renal_band|pemetrexed_renal_band|alt_ast_uln_multiple|bilirubin_uln_multiple|creatinine_ratio_baseline_or_uln","PREGNANCY_BREASTFEEDING|CISPLATIN_RENAL_45_59|CISPLATIN_RENAL_LT45|CISPLATIN_RENAL_LT30|CISPLATIN_DIALYSIS|PEME_RENAL_30_44|PEME_RENAL_LT30|PEME_DIALYSIS|ICI_HEPATITIS_WITHHOLD|ICI_HEPATITIS_STOP|ICI_BILI_WITHHOLD|ICI_RENAL_G2|ICI_RENAL_G3",""
"00716","nccp-00716-v2","protocols/gynaecology/00716-bevacizumab-15-mg-kg-carboplatin-auc-5-and-paclitaxel-175-mg-m-therapy.json","Bevacizumab 15 mg/kg, Carboplatin AUC 5 and Paclitaxel 175 mg/m² Therapy","false","not_formally_audited","","https://healthservice.hse.ie/documents/6594/716_V2_Bev15mg_PACLi_and_CARBO.pdf","alt_ast_uln_multiple|bilirubin_uln_multiple|gfr_or_crcl_ml_min|diastolic_bp","CARBO_GFR_LOW|TAXANE_LFT|BEV_BP_DIA",""
"00719","nccp-00719-v2","protocols/shared/00719-sunitinib-50-mg-therapy-21-day.json","Sunitinib 50 mg Therapy – 21 day","true","source_reconciled_rule_encoding","structured_rules","https://healthservice.hse.ie/documents/6595/719_v2_SUNitinib_50mg21_days.pdf","breastfeeding|alt_ast_uln_multiple|bilirubin_uln_multiple|sunitinib_renal_band|child_pugh_class","PREGNANCY_BREASTFEEDING|TKI_LIVER_3|TKI_LIVER_5|TKI_BILI|OF590_00719_SUNITINIB_CHILD_C",""
"00720","nccp-00720-v2","protocols/breast/00720-neratinib-extended-adjuvant.json","Neratinib Therapy","false","not_formally_audited","","https://healthservice.hse.ie/documents/6596/720_v2_Neratinib.pdf","breastfeeding|crcl|alt_grade|bilirubin_grade|complicated_diarrhoea|child_pugh","EXCL_BF|CP_C|ALT_G4|BILI_G4|ALT_G3|BILI_G3",""
"00722","nccp-00722-v2","protocols/breast/00722-tchp-docetaxel-carboplatin-trastuzumab-pertuzumab.json","Docetaxel, Carboplatin, Trastuzumab and Pertuzumab (TCHP) Therapy","false","not_formally_audited","","https://healthservice.hse.ie/documents/6598/722_v2_TCHP.pdf","gfr_ml_min|bilirubin_abnormal|alt_ast_uln_multiple|breastfeeding","EXCLUSION_PREGNANCY_BREASTFEEDING|GFR_20_OR_LESS|GFR_20_TO30|BILIRUBIN_ABNORMAL|DOCETAXEL_HEPATIC_REDUCE_A|DOCETAXEL_HEPATIC_REDUCE_B|DOCETAXEL_HEPATIC_DELAY|DOCETAXEL_HEPATIC_UNLISTED_HIGH_TRANSAMINASES|DOCETAXEL_HEPATIC_UNLISTED_HIGH_ALP",""
"00726","nccp-00726-v3a","protocols/breast/00726-pertuzumab-trastuzumab-maintenance.json","Pertuzumab and Trastuzumab Therapy","false","not_formally_audited","","https://healthservice.hse.ie/documents/6599/726_v3a_Pertuzumab_trastuzumab.pdf","weeks_since_last_dose|breastfeeding","EXCLUSION_PREGNANCY_BREASTFEEDING|MISSED_DOSE_RELOAD",""
"00727","nccp-00727-v2b","protocols/gastrointestinal/00727-mitomycin-and-capecitabine-chemoradiation-therapy.json","Mitomycin and Capecitabine Chemoradiation Therapy","true","source_reconciled_rule_encoding","structured_rules","https://healthservice.hse.ie/documents/6600/727_v2b_Mitomycin_Capecitabine.pdf","breastfeeding|capecitabine_renal_band|capecitabine_bilirubin_uln|capecitabine_alt_ast_uln|mitomycin_crcl_band|mitomycin_ast_uln","PREGNANCY_OR_BREASTFEEDING|OF590_00727_CAPE_RENAL_30_50|OF590_00727_CAPE_RENAL_LT30|OF590_00727_CAPE_HEPATIC_HOLD|OF590_00727_MITO_LT10|OF590_00727_MITO_EQ10|OF590_00727_MITO_AST_GT2",""
"00731","nccp-00731-v2","protocols/breast/00731-tch-subcutaneous-p.json","Docetaxel, Carboplatin, Trastuzumab SC and Pertuzumab","false","not_formally_audited","","https://healthservice.hse.ie/documents/6601/731_v2_TCHSCP.pdf","gfr_ml_min|bilirubin_abnormal|alt_ast_uln_multiple|breastfeeding","EXCLUSION_PREGNANCY_BREASTFEEDING|GFR_20_OR_LESS|GFR_20_TO30|BILIRUBIN_ABNORMAL|DOCETAXEL_HEPATIC_REDUCE_A|DOCETAXEL_HEPATIC_REDUCE_B|DOCETAXEL_HEPATIC_DELAY|DOCETAXEL_HEPATIC_UNLISTED_HIGH_TRANSAMINASES|DOCETAXEL_HEPATIC_UNLISTED_HIGH_ALP",""
"00732","nccp-00732-v2","protocols/gastrointestinal/00732-cetuximab-therapy-14-days.json","Cetuximab Therapy – 14 days","true","source_reconciled_rule_encoding","source_reviewed_no_prescriptive_adjustment","https://healthservice.hse.ie/documents/6602/732_v2_Cetuximab_14day.pdf","breastfeeding","PREGNANCY_OR_BREASTFEEDING",""
"00733","nccp-00733-v2a","protocols/gastrointestinal/00733-cetuximab-and-modified-folfox-6-therapy.json","Cetuximab and modified FOLFOX-6 Therapy","true","source_reconciled_rule_encoding","structured_rules","https://healthservice.hse.ie/documents/6603/733_v2a_Cetuximab_FOLFOX_6.pdf","breastfeeding|oxaliplatin_renal_band|fluorouracil_renal_impairment|fluorouracil_bilirubin_umol_l|fluorouracil_ast_u_l|fluorouracil_hepatic_impairment","PREGNANCY_OR_BREASTFEEDING|OXALIPLATIN_SEVERE_RENAL|OXALIPLATIN_DIALYSIS|OF590_00733_OXALI_LT30|OF590_00733_OXALI_DIALYSIS|OF590_00733_5FU_RENAL_SEVERE|OF590_00733_5FU_BILI_GT85|OF590_00733_5FU_AST_GT180|OF590_00733_5FU_HEP_MOD|OF590_00733_5FU_HEP_SEV",""
"00734","nccp-00734-v3","protocols/breast/00734-weekly-carbo-paclitaxel-ddac.json","Weekly Carboplatin AUC 2 and Paclitaxel followed by dose-dense AC","false","not_formally_audited","","https://healthservice.hse.ie/documents/6605/734_CARBOplatin_AUC2weekly__Paclitaxel_TNBC_v3.pdf","crcl_ml_min|gfr_ml_min|haemodialysis|alt_ratio_uln|bilirubin_ratio_uln|bilirubin_umol_l|child_pugh_class","PACLITAXEL_HEPATIC_80|PACLITAXEL_HEPATIC_60|PACLITAXEL_HEPATIC_40|PACLITAXEL_HEPATIC_CONTRAINDICATED|CYCLOPHOSPHAMIDE_RENAL_FULL|CYCLOPHOSPHAMIDE_RENAL_75|CYCLOPHOSPHAMIDE_RENAL_AVOID|DOXORUBICIN_RENAL_STANDARD|DOXORUBICIN_RENAL_LT10|DOXORUBICIN_HAEMODIALYSIS|DOXORUBICIN_HEPATIC_50|DOXORUBICIN_HEPATIC_25|DOXORUBICIN_HEPATIC_NOT_RECOMMENDED|CARBOPLATIN_GFR_EXTREME_CAUTION|CARBOPLATIN_GFR_DO_NOT_ADMINISTER",""
"00736","nccp-00736-v2","protocols/breast/00736-nab-paclitaxel-weekly.json","nab-Paclitaxel Weekly Monotherapy - 28 day","false","not_formally_audited","","https://healthservice.hse.ie/documents/6619/736_v2_nab-PACLitaxel_weekly.pdf","breastfeeding|hepatic_impairment","EXCLUSION_BF|HEPATIC",""
"00738","nccp-00738-v3","protocols/breast/00738-bevacizumab-paclitaxel.json","Bevacizumab 10 mg/kg and Paclitaxel 80 mg/m2","false","not_formally_audited","","https://healthservice.hse.ie/documents/6671/738.pdf","breastfeeding|alt_uln_multiple|bilirubin_uln_multiple|gi_perforation|severe_hepatic_impairment","EXCLUSION_HEPATIC|HEP_CONTRA|HEP_BILI_2_5|HEP_BILI_125_2",""
"00739","nccp-00739-v2a","protocols/gastrointestinal/00739-pembrolizumab-cisplatin-and-5-fluorouracil-infusional-therapy.json","Pembrolizumab, Cisplatin and 5-Fluorouracil Infusional Therapy","false","not_formally_audited","","https://healthservice.hse.ie/documents/6622/739_v2a_Pembrolizumab200_CISplatin_5-FU.pdf","breastfeeding|cisplatin_crcl_band|creatinine_ratio_baseline_or_uln|alt_ast_uln_multiple|bilirubin_uln_multiple","PREGNANCY_OR_BREASTFEEDING|CISPLATIN_CRCL_45_59|CISPLATIN_CRCL_LT45|CISPLATIN_DIALYSIS|ICI_NEPHRITIS_RATIO|ICI_HEPATITIS_TRANSAMINASE|ICI_HEPATITIS_BILIRUBIN",""
"00742","nccp-00742-v3","protocols/neuro-oncology/00742-lomustine-and-bevacizumab-5-mg-kg-therapy.json","Lomustine and Bevacizumab 5 mg/kg Therapy","false","not_formally_audited","","https://healthservice.hse.ie/documents/6874/742_V3_Lomustine_and_Bevacizumab_5.pdf","breastfeeding|lomustine_renal_band|gi_perforation","BREASTFEEDING|LOM_RENAL_30_50|LOM_RENAL_LT30",""
"00743","nccp-00743-v3","protocols/breast/00743-eribulin-monotherapy-28-day.json","Eribulin Monotherapy – 28 day","false","not_formally_audited","","https://healthservice.hse.ie/documents/6623/743_v3_eriBULin_Monotherapy_28_day.pdf","","",""
"00745","nccp-00745-v2a","protocols/breast/00745-ddac-weekly-paclitaxel-trastuzumab-q21d.json","Dose-dense AC followed by weekly Paclitaxel and Trastuzumab every 21 days","false","not_formally_audited","","https://healthservice.hse.ie/documents/6624/745_v2a_DDAC_TH_21_day.pdf","","",""
"00746","nccp-00746-v2","protocols/gynaecology/00746-olaparib-tablet-and-bevacizumab-therapy.json","Olaparib (Tablet) and Bevacizumab Therapy","false","not_formally_audited","","https://healthservice.hse.ie/documents/6626/746_V2_Olaparib_bevacizumab_therapy.pdf","alt_ast_uln_multiple|bilirubin_uln_multiple|diastolic_bp|parp_renal_band","BEV_BP_DIA|PARP_RENAL",""
"00747","nccp-00747-v2","protocols/sarcoma/00747-ie-vac-therapy-three-weekly-intervals.json","IE–VAC Therapy – Three Weekly Intervals","false","not_formally_audited","","https://healthservice.hse.ie/documents/6779/747_v2_IE_VAC_three_weekly.pdf","breastfeeding|bilirubin_uln_multiple|ifosfamide_renal_band|etoposide_renal_band|etoposide_hepatic_band","PREGNANCY_BREASTFEEDING|ETO_CRCL_10_50|ETO_HD|ETO_HEP_MOD|ETO_HEP_SEV|IFO_RENAL_LT50|IFO_DIALYSIS",""
"00749","nccp-00749-v3","protocols/breast/00749-gemcitabine-800-monotherapy.json","Gemcitabine 800 mg/m² Monotherapy – 28 day","false","not_formally_audited","","https://healthservice.hse.ie/documents/6672/749_v3_Gemcitabine_800_Monotherapy.pdf","","",""
"00754","nccp-00754-v3","protocols/sarcoma/00754-ifosfamide-vincristine-doxorubicin-and-dactinomycin-ivado-therapy.json","Ifosfamide, Vincristine, Doxorubicin and Dactinomycin (IVADo) Therapy","false","not_formally_audited","","https://healthservice.hse.ie/documents/6781/754_IVADo.pdf","breastfeeding|bilirubin_uln_multiple|ifosfamide_renal_band|vincristine_bilirubin_band","PREGNANCY_BREASTFEEDING|DOX_BILI_GT4_3|DOX_BILI_GT2_5|DOX_BILI_GT1|IFO_RENAL_LT50|IFO_DIALYSIS|VIN_BILI",""
"00757","nccp-00757-v2","protocols/sarcoma/00757-vincristine-irinotecan-and-temozolomide-vit-therapy.json","Vincristine, Irinotecan and Temozolomide (VIT) Therapy","false","not_formally_audited","","https://healthservice.hse.ie/documents/6784/757_v2_VIT.pdf","breastfeeding|bilirubin_uln_multiple|irinotecan_renal_band|temozolomide_renal_band","PREGNANCY_BREASTFEEDING|IRI_CRCL_LT10|IRI_HD|IRI_BILI_GT3",""
"00758","nccp-00758-v3","protocols/tumour-agnostic/00758-larotrectinib-monotherapy-adult.json","Larotrectinib Monotherapy – Adult","false","not_formally_audited","","https://healthservice.hse.ie/documents/6788/758_V3_Larotrectinib_Therapy_Adult.pdf","symptomatic_brain_metastases|breastfeeding|child_pugh_class|alt_ast_uln_multiple|bilirubin_uln_multiple|grade4_lft_after_resumption|hepatic_recurrence_after_resumption","LARO_SYMPTOMATIC_BRAIN_METS|LARO_PREGNANCY_BF|LARO_CHILD_PUGH_BC|LARO_LFT_G2|LARO_LFT_GT5_BILI_LT2|LARO_HY_LAW_PATTERN|LARO_HEPATIC_RECURRENCE",""
"00759","nccp-00759-v1","protocols/genitourinary/00759-gemcitabine-100-mg-m-with-radiotherapy.json","Gemcitabine 100 mg/m² with Radiotherapy","false","not_formally_audited","","https://healthservice.hse.ie/documents/6669/759_v1_Gemcitabine_100_and_RT.pdf","alt_ast_uln_multiple|bilirubin_uln_multiple","",""
"00766","nccp-00766-v2","protocols/gynaecology/00766-bevacizumab-carboplatin-paclitaxel.json","Bevacizumab 15 mg/kg, Paclitaxel 175 mg/m² and Carboplatin AUC 6 Therapy","false","not_formally_audited","","https://healthservice.hse.ie/documents/6667/766_V2_Bevacizumab_15_Paclitaxel_CarboplatinAUC6.pdf","egfr|bilirubin_uln_multiple|alt_uln_multiple|breastfeeding|diastolic_bp","EXCLUSION_PREGNANCY_LACTATION|BEV_BP",""
"00769","nccp-00769-v2","protocols/gynaecology/00769-bevacizumab-10-mg-kg-and-paclitaxel-80-mg-m-days-1-8-15-and-22.json","Bevacizumab 10 mg/kg and Paclitaxel 80 mg/m² Days 1, 8, 15 and 22","false","not_formally_audited","","https://healthservice.hse.ie/documents/6666/769_V2_Bevacizumab10_PACLitaxelDay181522.pdf","alt_ast_uln_multiple|bilirubin_uln_multiple|diastolic_bp","TAXANE_LFT|BEV_BP_DIA",""
"00771","nccp-00771-v2","protocols/gynaecology/00771-bevacizumab-10-mg-kg-and-topotecan-4-mg-m-therapy.json","Bevacizumab 10 mg/kg and Topotecan 4 mg/m² Therapy","false","not_formally_audited","","https://healthservice.hse.ie/documents/6665/771_V2_Bevacizumab10_Topotecan.pdf","alt_ast_uln_multiple|bilirubin_uln_multiple|diastolic_bp|topotecan_renal_band","BEV_BP_DIA|TOPO_RENAL|TOPO_RENAL_LOW",""
"00772","nccp-00772-v3","protocols/gynaecology/00772-bevacizumab-10-mg-kg-and-pegylated-liposomal-doxorubicin-40-mg-m-therapy.json","Bevacizumab 10 mg/kg and Pegylated Liposomal Doxorubicin 40 mg/m² Therapy","false","not_formally_audited","","https://healthservice.hse.ie/documents/6664/772_V3_Bevacizumab10_PegylatedDOXOrubicin40.docx.pdf","alt_ast_uln_multiple|bilirubin_uln_multiple|diastolic_bp","BEV_BP_DIA",""
"00775","nccp-00775-v3","protocols/breast/00775-pertuzumab-trastuzumab-paclitaxel-carboplatin-train2.json","Pertuzumab, Trastuzumab, Paclitaxel and Carboplatin (TRAIN-2)","false","not_formally_audited","","https://healthservice.hse.ie/documents/6662/775_v3_Pertuzumab_trastuzumab_PACLitaxel_CARBOplatin.pdf","gfr_ml_min|bilirubin_abnormal|alt_ast_uln_multiple|breastfeeding","EXCLUSION_PREGNANCY_BREASTFEEDING|GFR_20_OR_LESS|GFR_20_TO30|BILIRUBIN_ABNORMAL|DOCETAXEL_HEPATIC_REDUCE_A|DOCETAXEL_HEPATIC_REDUCE_B|DOCETAXEL_HEPATIC_DELAY|DOCETAXEL_HEPATIC_UNLISTED_HIGH_TRANSAMINASES|DOCETAXEL_HEPATIC_UNLISTED_HIGH_ALP",""
"00776","nccp-00776-v3b","protocols/breast/00776-trastuzumab-deruxtecan.json","Trastuzumab Deruxtecan 5.4 mg/kg (Enhertu) Therapy","false","not_formally_audited","","https://healthservice.hse.ie/documents/6661/Trastuzumab_776_Deruxtecan_5.4mg_Therapy.pdf","hypersensitivity|breastfeeding|hepatic_impairment|dose_reduction_level","EX_BF|SEVERE_HEPATIC|MOD_HEPATIC",""
"00780","nccp-00780-v2","protocols/haemato-oncology/plasma-cell/00780-rvd-lite-induction.json","Bortezomib, Lenalidomide and Dexamethasone (RVD-Lite) Induction","false","not_formally_audited","","https://healthservice.hse.ie/documents/6791/780_v2_BortezomibLenDexInductionRVDlite_28day.pdf","crcl_ml_min|haemodialysis|bilirubin_ratio_uln|breastfeeding","780_EXCLUSIONS|780_LEN_RENAL_30_50|780_LEN_RENAL_LT30|780_LEN_DIALYSIS|780_HEPATIC_BORTEZOMIB|780_DIALYSIS_BORTEZOMIB",""
"00783","nccp-00783-v2a","protocols/gastrointestinal/00783-bevacizumab-5-mg-kg-and-folfoxiri-therapy-14-day.json","Bevacizumab 5 mg/kg and FOLFOXIRI Therapy – 14 day","false","not_formally_audited","","https://healthservice.hse.ie/documents/6660/783_v2a_Bev_5_FOLFOXIRI_therapy.pdf","breastfeeding|oxaliplatin_renal_band|bilirubin_uln_multiple|diastolic_bp_mmhg|gi_perforation_or_fistula","PREGNANCY_OR_BREASTFEEDING|OXALIPLATIN_SEVERE_RENAL|OXALIPLATIN_DIALYSIS|IRINOTECAN_BILIRUBIN_OVER_3ULN|UNCONTROLLED_HYPERTENSION",""
"00785","nccp-00785-v3a","protocols/breast/00785-phesgo-maintenance.json","Pertuzumab and Trastuzumab (Phesgo®) Maintenance Therapy","false","not_formally_audited","","https://healthservice.hse.ie/documents/6659/785_v3_Pertuzumab_trastuzumab_Phesgo.pdf","weeks_since_last_dose|breastfeeding","EXCLUSION_PREGNANCY_BREASTFEEDING|MISSED_DOSE_RELOAD",""
"00789","nccp-00789-v3","protocols/breast/00789-phesgo-tchp.json","Docetaxel, Carboplatin and Pertuzumab/Trastuzumab (Phesgo) TCHP","false","not_formally_audited","","https://healthservice.hse.ie/documents/6447/789_v3_TCHP_Phesgo.pdf","gfr_ml_min|bilirubin_abnormal|alt_ast_uln_multiple|breastfeeding","EXCLUSION_PREGNANCY_BREASTFEEDING|GFR_20_OR_LESS|GFR_20_TO30|BILIRUBIN_ABNORMAL|DOCETAXEL_HEPATIC_REDUCE_A|DOCETAXEL_HEPATIC_REDUCE_B|DOCETAXEL_HEPATIC_DELAY|DOCETAXEL_HEPATIC_UNLISTED_HIGH_TRANSAMINASES|DOCETAXEL_HEPATIC_UNLISTED_HIGH_ALP",""
"00790","nccp-00790-v3","protocols/breast/00790-phesgo-paclitaxel-carboplatin-train2.json","Pertuzumab/Trastuzumab (Phesgo), Paclitaxel and Carboplatin (TRAIN-2)","false","not_formally_audited","","https://healthservice.hse.ie/documents/6442/790_v3_Phesgo_PACLitaxel_CARBOplatin.pdf","gfr_ml_min|bilirubin_abnormal|alt_ast_uln_multiple|breastfeeding","EXCLUSION_PREGNANCY_BREASTFEEDING|GFR_20_OR_LESS|GFR_20_TO30|BILIRUBIN_ABNORMAL|DOCETAXEL_HEPATIC_REDUCE_A|DOCETAXEL_HEPATIC_REDUCE_B|DOCETAXEL_HEPATIC_DELAY|DOCETAXEL_HEPATIC_UNLISTED_HIGH_TRANSAMINASES|DOCETAXEL_HEPATIC_UNLISTED_HIGH_ALP",""
"00791","nccp-00791-v2","protocols/gastrointestinal/00791-bevacizumab-5-mg-kg-5-fluorouracil-and-folinic-acid-therapy-14-day.json","Bevacizumab 5 mg/kg, 5-Fluorouracil and Folinic Acid Therapy – 14 day","true","source_reconciled_rule_encoding","structured_rules","https://healthservice.hse.ie/documents/6416/791_v2_Bevacizumab_5mgkg_5FU.pdf","breastfeeding|diastolic_bp_mmhg|gi_perforation_or_fistula|fluorouracil_renal_impairment|fluorouracil_bilirubin_umol_l|fluorouracil_ast_u_l|fluorouracil_hepatic_impairment","PREGNANCY_OR_BREASTFEEDING|UNCONTROLLED_HYPERTENSION|OF590_00791_5FU_RENAL_SEVERE|OF590_00791_5FU_BILI_GT85|OF590_00791_5FU_AST_GT180|OF590_00791_5FU_HEP_MOD|OF590_00791_5FU_HEP_SEV",""
"00792","nccp-00792-v2","protocols/lung/00792-nivolumab-360-mg-and-ipilimumab-1-mg-kg-therapy.json","Nivolumab 360 mg and Ipilimumab 1 mg/kg Therapy","false","not_formally_audited","","https://healthservice.hse.ie/documents/6873/792_V2_Nivolumab_360_ipilimumab1mg.kg.pdf","breastfeeding|alt_ast_uln_multiple|bilirubin_uln_multiple|creatinine_ratio_baseline_or_uln","PREGNANCY_BREASTFEEDING|ICI_HEPATITIS_WITHHOLD|ICI_HEPATITIS_STOP|ICI_BILI_WITHHOLD|ICI_RENAL_G2|ICI_RENAL_G3",""
"00794","nccp-00794-vcurrent","protocols/breast/00794-sacituzumab-govitecan.json","Sacituzumab Govitecan Therapy","false","not_formally_audited","","https://healthservice.hse.ie/documents/6417/794_v3_Sacituzumab_Govitecan_Therapy.pdf","breastfeeding","PREG_LACT",""
"00796","nccp-00796-v4","protocols/breast/00796-phesgo-docetaxel.json","Pertuzumab/Trastuzumab (Phesgo®) and Docetaxel Therapy","false","not_formally_audited","","https://healthservice.hse.ie/documents/6419/796_v4_PertuzumabTrasDoc_Phesgo.pdf","breastfeeding|significant_hepatic_dysfunction|ast_alt_uln|bilirubin_uln","EXCLUSION_PREG_LACT|HEPATIC_EXCLUSION|HEPATIC_NOT_RECOMMENDED",""
"00797","nccp-00797-v4","protocols/breast/00797-phesgo-paclitaxel.json","Pertuzumab/Trastuzumab (Phesgo®) and Weekly Paclitaxel Therapy","false","not_formally_audited","","https://healthservice.hse.ie/documents/6420/797_v4_PertuzumabTrasPhesgo_PACLitaxel.pdf","breastfeeding|severe_hepatic_impairment|alt_ratio_uln|bilirubin_ratio_uln|weeks_since_last_dose","EXCLUSION_BREASTFEEDING|EXCLUSION_SEVERE_HEPATIC_IMPAIRMENT|HEPATIC_CONTRAINDICATED|HEPATIC_50_PERCENT|HEPATIC_75_PERCENT|HEPATIC_NO_REDUCTION|HER2_EXCLUSION_PREGNANCY_BREASTFEEDING|HER2_MISSED_DOSE_RELOAD",""
"00798","nccp-00798-v3","protocols/breast/00798-phesgo-vinorelbine.json","Pertuzumab/Trastuzumab (Phesgo®) and Vinorelbine Therapy","false","not_formally_audited","","https://healthservice.hse.ie/documents/6421/798_v3_Pertuzumab_trastuzumab_Phesgo_vinorelbine.pdf","breastfeeding|hepatic_impairment|weeks_since_last_dose","EXCLUSION_PREG_LACT|HEPATIC_SEVERE|HER2_EXCLUSION_PREGNANCY_BREASTFEEDING|HER2_MISSED_DOSE_RELOAD",""
"00799","nccp-00799-v2","protocols/gynaecology/00799-bevacizumab-paclitaxel-cisplatin.json","Bevacizumab 15 mg/kg, Paclitaxel 175 mg/m² and Cisplatin 50 mg/m² Therapy","false","not_formally_audited","","https://healthservice.hse.ie/documents/6422/799_V2_Bev_Pacli_CIS.pdf","crcl_ml_min|alt_uln_multiple|bilirubin_uln_multiple|gi_perforation|pregnancy_or_breastfeeding","PREGNANCY_LACTATION|CISPLATIN_CRCL_50_59|CISPLATIN_CRCL_40_49|CISPLATIN_CRCL_BELOW_40|PACLITAXEL_HEPATIC_135|PACLITAXEL_HEPATIC_90|PACLITAXEL_HEPATIC_CONTRAINDICATED",""
"00804","nccp-00804-v2","protocols/neuro-oncology/00804-lomustine-and-bevacizumab-7-5-mg-kg-therapy.json","Lomustine and Bevacizumab 7.5 mg/kg Therapy","false","not_formally_audited","","https://healthservice.hse.ie/documents/6872/804_V2_Lomustine_and_bevacizumab_7.5.pdf","breastfeeding|lomustine_renal_band|gi_perforation","BREASTFEEDING|LOM_RENAL_30_50|LOM_RENAL_LT30",""
"00805","nccp-00805-v2","protocols/neuro-oncology/00805-lomustine-130-mg-m2-therapy.json","Lomustine 130 mg/m² Therapy","false","not_formally_audited","","https://healthservice.hse.ie/documents/6871/805_V2_Lomustine_130mg_Therapy.pdf","breastfeeding|lomustine_renal_band","BREASTFEEDING|LOM_RENAL_30_50|LOM_RENAL_LT30",""
"00806","nccp-00806-v2","protocols/neuro-oncology/00806-cisplatin-lomustine-and-vincristine-clv-therapy.json","Cisplatin, Lomustine and Vincristine (CLV) Therapy","false","not_formally_audited","","https://healthservice.hse.ie/documents/6870/806_V2_CLV_Therapy.pdf","breastfeeding|lomustine_renal_band|cisplatin_renal_band|bilirubin_umol_l","BREASTFEEDING|LOM_30_50|LOM_LT30|CIS_50_59|CIS_40_49|CIS_LT40|CIS_DIALYSIS|VIN_BILI",""
"00807","nccp-00807-v2","protocols/genitourinary/00807-intravesical-bcg.json","Intravesical BCG","false","not_formally_audited","","https://healthservice.hse.ie/documents/6424/807_v2_Intravesical_BCG.pdf","alt_ast_uln_multiple|bilirubin_uln_multiple","",""
"00811","nccp-00811-v2","protocols/gynaecology/00811-pembrolizumab-paclitaxel-175-mg-m-carboplatin-auc-5-and-bevacizumab-therapy.json","Pembrolizumab, Paclitaxel 175 mg/m², Carboplatin AUC 5 and Bevacizumab Therapy","false","not_formally_audited","","https://healthservice.hse.ie/documents/6425/811_V2_Pembrolizumab_Pac_Carbo_Bev.pdf","alt_ast_uln_multiple|bilirubin_uln_multiple|gfr_or_crcl_ml_min|diastolic_bp|creatinine_ratio_baseline_or_uln","CARBO_GFR_LOW|TAXANE_LFT|BEV_BP_DIA|ICI_HEP_G2|ICI_HEP_G3|ICI_BILI|ICI_RENAL",""
"00812","nccp-00812-v3a","protocols/gynaecology/00812-cemiplimab-therapy.json","Cemiplimab Therapy","false","not_formally_audited","","https://healthservice.hse.ie/documents/6426/812_V3a_Cemiplimab.pdf","alt_ast_uln_multiple|bilirubin_uln_multiple|creatinine_ratio_baseline_or_uln","ICI_HEP_G2|ICI_HEP_G3|ICI_BILI|ICI_RENAL",""
"00813","nccp-00813-v2","protocols/neuro-oncology/00813-bevacizumab-5-mg-kg-monotherapy-14-day.json","Bevacizumab 5 mg/kg Monotherapy – 14 Day","false","not_formally_audited","","https://healthservice.hse.ie/documents/6869/813_V2_Bevacizumab_5.pdf","gi_perforation|minimal_contrast_enhancement_or_gliomatosis","MINIMAL_ENHANCEMENT",""
"00815","nccp-00815-v3","protocols/breast/00815-paclitaxel-weekly-trastuzumab-3weekly.json","Paclitaxel 80 mg/m² weekly and Trastuzumab 21-day","false","not_formally_audited","","https://healthservice.hse.ie/documents/6427/815_v3_Paclitaxel_weekly_Trastuzumab_3weekly.pdf","","",""
"00816","nccp-00816-v3","protocols/gastrointestinal/00816-nivolumab-14-day-cisplatin-and-5-fluorouracil-therapy.json","Nivolumab 14 day, Cisplatin and 5-Fluorouracil Therapy","false","not_formally_audited","","https://healthservice.hse.ie/documents/6428/816_Nivolumab_14-Day_Cisplatin_5FU.pdf","breastfeeding|cisplatin_crcl_band|creatinine_ratio_baseline_or_uln|alt_ast_uln_multiple|bilirubin_uln_multiple","PREGNANCY_OR_BREASTFEEDING|CISPLATIN_CRCL_45_59|CISPLATIN_CRCL_LT45|CISPLATIN_DIALYSIS|ICI_NEPHRITIS_RATIO|ICI_HEPATITIS_TRANSAMINASE|ICI_HEPATITIS_BILIRUBIN",""
"00817","nccp-00817-v2","protocols/gynaecology/00817-pembrolizumab-paclitaxel-175-mg-m-and-carboplatin-auc-5-therapy.json","Pembrolizumab, Paclitaxel 175 mg/m² and Carboplatin AUC 5 Therapy","false","not_formally_audited","","https://healthservice.hse.ie/documents/6429/817_V2_Pembro_Pac_175_Carbo_AUC_5.pdf","alt_ast_uln_multiple|bilirubin_uln_multiple|gfr_or_crcl_ml_min|creatinine_ratio_baseline_or_uln","CARBO_GFR_LOW|TAXANE_LFT|ICI_HEP_G2|ICI_HEP_G3|ICI_BILI|ICI_RENAL",""
"00819","nccp-00819-v2","protocols/gynaecology/00819-dostarlimab-therapy.json","Dostarlimab Therapy","false","not_formally_audited","","https://healthservice.hse.ie/documents/6430/819_V2_Dostarlimab_Therapy.pdf","alt_ast_uln_multiple|bilirubin_uln_multiple|creatinine_ratio_baseline_or_uln","ICI_HEP_G2|ICI_HEP_G3|ICI_BILI|ICI_RENAL",""
"00823","nccp-00823-v2","protocols/lung/00823-tepotinib-therapy.json","Tepotinib Therapy","true","source_reconciled_rule_encoding","structured_rules","https://healthservice.hse.ie/documents/6868/823_V2_Tepotinib_Therapy.pdf","breastfeeding|alt_ast_uln_multiple|bilirubin_uln_multiple|targeted_renal_band|targeted_hepatic_band","PREGNANCY_BREASTFEEDING|TARGET_HEPATITIS|OF590_00823_TEPO_CHILD_C|OF590_00823_TEPO_LFT_STOP|OF590_00823_TEPO_ALT20|OF590_00823_TEPO_ALT5",""
"00830","nccp-00830-v3","protocols/genitourinary/00830-relugolix.json","Relugolix Therapy","false","not_formally_audited","","https://healthservice.hse.ie/documents/6431/830_v3_Relugolix.pdf","renal_band|hepatic_band","RENAL_SEVERE|HEPATIC_SEVERE",""
"00831","nccp-00831-v2a","protocols/gastrointestinal/00831-atezolizumab-bevacizumab-hcc.json","Atezolizumab and Bevacizumab Therapy","false","not_formally_audited","","https://healthservice.hse.ie/documents/6432/831_v2a_Atezolizumab_Bevacizumab_Therapy.pdf","child_pugh_class|gi_perforation_or_fistula|baseline_alt_ast_category|breastfeeding|alt_ast_uln_multiple|bilirubin_uln_multiple|creatinine_ratio_baseline_or_uln|rash_grade_2_over_one_week","PREGNANCY_OR_BREASTFEEDING_REVIEW|NEPHRITIS_G2|NEPHRITIS_G3_G4|CHILD_PUGH_NOT_A|HCC_HEPATITIS_WITHHOLD_NORMAL|HCC_HEPATITIS_WITHHOLD_1_TO3|HCC_HEPATITIS_WITHHOLD_3_TO5|HCC_HEPATITIS_PERMANENT",""
"00832","nccp-00832-v3","protocols/gastrointestinal/00832-nivolumab-28-day-cisplatin-and-5-fluorouracil-therapy.json","Nivolumab 28 day, Cisplatin and 5-Fluorouracil Therapy","false","not_formally_audited","","https://healthservice.hse.ie/documents/6433/832_Nivolumab_28-day_Cisplatin_5FU_.pdf","breastfeeding|cisplatin_crcl_band|creatinine_ratio_baseline_or_uln|alt_ast_uln_multiple|bilirubin_uln_multiple","PREGNANCY_OR_BREASTFEEDING|CISPLATIN_CRCL_45_59|CISPLATIN_CRCL_LT45|CISPLATIN_DIALYSIS|ICI_NEPHRITIS_RATIO|ICI_HEPATITIS_TRANSAMINASE|ICI_HEPATITIS_BILIRUBIN",""
"00839","nccp-00839-v2a","protocols/gastrointestinal/00839-pembrolizumab-and-modified-folfox-6-therapy.json","Pembrolizumab and Modified FOLFOX-6 Therapy","false","not_formally_audited","","https://healthservice.hse.ie/documents/6440/839_v2a_Pembrolizumab_FOLFOX.pdf","breastfeeding|oxaliplatin_renal_band|creatinine_ratio_baseline_or_uln|alt_ast_uln_multiple|bilirubin_uln_multiple","PREGNANCY_OR_BREASTFEEDING|OXALIPLATIN_SEVERE_RENAL|OXALIPLATIN_DIALYSIS|ICI_NEPHRITIS_RATIO|ICI_HEPATITIS_TRANSAMINASE|ICI_HEPATITIS_BILIRUBIN",""
"00843","nccp-00843-v2a","protocols/gastrointestinal/00843-nivolumab-xelox.json","Nivolumab and XELOX Therapy","false","not_formally_audited","","https://healthservice.hse.ie/documents/6444/843_Nivolumab_and_XELOX.pdf","breastfeeding|crcl_ml_min|haemodialysis|bilirubin_ratio_uln|alt_ast_ratio_uln|alt_ast_uln_multiple|bilirubin_uln_multiple|creatinine_ratio_baseline_or_uln|rash_grade_2_over_one_week","EXCLUSION_PREGNANCY_OR_BREASTFEEDING|RENAL_CAPECITABINE_30_50|RENAL_BELOW_30|RENAL_HAEMODIALYSIS|HEPATOTOXICITY_HOLD|ICI_PREGNANCY_OR_BREASTFEEDING_REVIEW|ICI_HEPATITIS_WITHHOLD|ICI_HEPATITIS_PERMANENT|ICI_NEPHRITIS_G2|ICI_NEPHRITIS_G3_G4",""
"00844","nccp-00844-v4a","protocols/gastrointestinal/00844-nivolumab-modified-folfox6.json","Nivolumab and FOLFOX-6 Modified Therapy","false","not_formally_audited","","https://healthservice.hse.ie/documents/6445/844_Nivolumab_FOLFOX6_.pdf","breastfeeding|crcl_ml_min|haemodialysis|hepatic_impairment_category|alt_ast_uln_multiple|bilirubin_uln_multiple|creatinine_ratio_baseline_or_uln|rash_grade_2_over_one_week","EXCLUSION_PREGNANCY_OR_BREASTFEEDING|RENAL_HAEMODIALYSIS|RENAL_CRCL_BELOW30|HEPATIC_SEVERE|HEPATIC_MILD_MODERATE_WITH_RENAL|ICI_PREGNANCY_OR_BREASTFEEDING_REVIEW|ICI_HEPATITIS_WITHHOLD|ICI_HEPATITIS_PERMANENT|ICI_NEPHRITIS_G2|ICI_NEPHRITIS_G3_G4",""
"00846","nccp-00846-v3a","protocols/genitourinary/00846-enfortumab-vedotin-monotherapy.json","Enfortumab Vedotin Monotherapy","false","not_formally_audited","","https://healthservice.hse.ie/documents/6446/846_v3a_Enfortumab_vedotin.pdf","alt_ast_uln_multiple|bilirubin_uln_multiple","",""
"00848","nccp-00848-v2","protocols/genitourinary/00848-niraparib-abiraterone-akeega.json","Niraparib and Abiraterone acetate (Akeega®) and Prednisolone Therapy","false","not_formally_audited","","https://healthservice.hse.ie/documents/6448/848_v2_Niraparib_abiraterone.pdf","alt_ast_uln_multiple|bilirubin_uln_multiple|renal_band|child_pugh|hys_law_pattern","HEPATIC_GT5|HEPATIC_GT20|RENAL_SEVERE|CHILD_B|CHILD_C",""
"00849","nccp-00849-v2","protocols/lung/00849-nivolumab-360-mg-and-platinum-based-chemotherapy.json","Nivolumab 360 mg and Platinum-Based Chemotherapy","false","not_formally_audited","","https://healthservice.hse.ie/documents/6865/849_V2_Nivolumab_chemotherapy.pdf","breastfeeding|alt_ast_uln_multiple|bilirubin_uln_multiple|creatinine_ratio_baseline_or_uln","PREGNANCY_BREASTFEEDING|ICI_HEPATITIS_WITHHOLD|ICI_HEPATITIS_STOP|ICI_BILI_WITHHOLD|ICI_RENAL_G2|ICI_RENAL_G3",""
"00854","nccp-00854-v4","protocols/haemato-oncology/plasma-cell/00854-daratumumab-sc-lenalidomide-dexamethasone.json","Daratumumab SC, Lenalidomide and Dexamethasone","false","not_formally_audited","","https://healthservice.hse.ie/documents/6794/854_DaraSCLenDex.pdf","crcl_ml_min|haemodialysis|bilirubin_ratio_uln|breastfeeding|severe_uncontrolled_asthma_or_obstructive_airways_disease","854_EXCLUSIONS|854_DARA_NO_RENAL_REDUCTION|854_DARA_NO_HEPATIC_REDUCTION|854_LEN_RENAL_30_50|854_LEN_RENAL_LT30|854_LEN_DIALYSIS",""
"00857","nccp-00857-v3","protocols/breast/00857-pembro-carbo-paclitaxel-ac.json","Pembrolizumab, Carboplatin AUC 5 and weekly Paclitaxel 80 mg/m² followed by Doxorubicin and Cyclophosphamide (AC 60/600) Therapy","false","not_formally_audited","","https://healthservice.hse.ie/documents/6450/857_v3_Pembro_Carbo_5_Pacli_80_AC60_600.pdf","crcl_ml_min|gfr_ml_min|haemodialysis|alt_ratio_uln|bilirubin_ratio_uln|bilirubin_umol_l|child_pugh_class","PACLITAXEL_HEPATIC_80|PACLITAXEL_HEPATIC_60|PACLITAXEL_HEPATIC_40|PACLITAXEL_HEPATIC_CONTRAINDICATED|CYCLOPHOSPHAMIDE_RENAL_FULL|CYCLOPHOSPHAMIDE_RENAL_75|CYCLOPHOSPHAMIDE_RENAL_AVOID|DOXORUBICIN_RENAL_STANDARD|DOXORUBICIN_RENAL_LT10|DOXORUBICIN_HAEMODIALYSIS|DOXORUBICIN_HEPATIC_50|DOXORUBICIN_HEPATIC_25|DOXORUBICIN_HEPATIC_NOT_RECOMMENDED|CARBOPLATIN_GFR_EXTREME_CAUTION|CARBOPLATIN_GFR_DO_NOT_ADMINISTER",""
"00858","nccp-00858-v3","protocols/breast/00858-pembro-weekly-carbo-paclitaxel-ac.json","Pembrolizumab 200 mg, weekly Carboplatin AUC 1.5 and Paclitaxel 80 mg/m² followed by Doxorubicin and Cyclophosphamide Therapy","false","not_formally_audited","","https://healthservice.hse.ie/documents/6451/858_v3_Pembro_Carbo_1.5_Pacli_80_AC60_600_.pdf","crcl_ml_min|gfr_ml_min|haemodialysis|alt_ratio_uln|bilirubin_ratio_uln|bilirubin_umol_l|child_pugh_class","PACLITAXEL_HEPATIC_80|PACLITAXEL_HEPATIC_60|PACLITAXEL_HEPATIC_40|PACLITAXEL_HEPATIC_CONTRAINDICATED|CYCLOPHOSPHAMIDE_RENAL_FULL|CYCLOPHOSPHAMIDE_RENAL_75|CYCLOPHOSPHAMIDE_RENAL_AVOID|DOXORUBICIN_RENAL_STANDARD|DOXORUBICIN_RENAL_LT10|DOXORUBICIN_HAEMODIALYSIS|DOXORUBICIN_HEPATIC_50|DOXORUBICIN_HEPATIC_25|DOXORUBICIN_HEPATIC_NOT_RECOMMENDED|CARBOPLATIN_GFR_EXTREME_CAUTION|CARBOPLATIN_GFR_DO_NOT_ADMINISTER",""
"00860","nccp-00860-v2","protocols/breast/00860-pembro400-carbo-paclitaxel-ddac.json","Pembrolizumab 400 mg, Carboplatin AUC 5 and weekly Paclitaxel followed by dose-dense AC","false","not_formally_audited","","https://healthservice.hse.ie/documents/6452/860_v2_Pembro_Carbo_AUC_5_Pacli_80_DDAC.pdf","crcl_ml_min|gfr_ml_min|haemodialysis|alt_ratio_uln|bilirubin_ratio_uln|bilirubin_umol_l|child_pugh_class","PACLITAXEL_HEPATIC_80|PACLITAXEL_HEPATIC_60|PACLITAXEL_HEPATIC_40|PACLITAXEL_HEPATIC_CONTRAINDICATED|CYCLOPHOSPHAMIDE_RENAL_FULL|CYCLOPHOSPHAMIDE_RENAL_75|CYCLOPHOSPHAMIDE_RENAL_AVOID|DOXORUBICIN_RENAL_STANDARD|DOXORUBICIN_RENAL_LT10|DOXORUBICIN_HAEMODIALYSIS|DOXORUBICIN_HEPATIC_50|DOXORUBICIN_HEPATIC_25|DOXORUBICIN_HEPATIC_NOT_RECOMMENDED|CARBOPLATIN_GFR_EXTREME_CAUTION|CARBOPLATIN_GFR_DO_NOT_ADMINISTER",""
"00861","nccp-00861-v2","protocols/breast/00861-pembro400-weekly-carbo-paclitaxel-ddac.json","Pembrolizumab 400 mg, weekly Carboplatin AUC 1.5 and Paclitaxel followed by dose-dense AC","false","not_formally_audited","","https://healthservice.hse.ie/documents/6453/861_v2_Pembro_Carbo_AUC_1.5_Pacli_80_DDAC.pdf","crcl_ml_min|gfr_ml_min|haemodialysis|alt_ratio_uln|bilirubin_ratio_uln|bilirubin_umol_l|child_pugh_class","PACLITAXEL_HEPATIC_80|PACLITAXEL_HEPATIC_60|PACLITAXEL_HEPATIC_40|PACLITAXEL_HEPATIC_CONTRAINDICATED|CYCLOPHOSPHAMIDE_RENAL_FULL|CYCLOPHOSPHAMIDE_RENAL_75|CYCLOPHOSPHAMIDE_RENAL_AVOID|DOXORUBICIN_RENAL_STANDARD|DOXORUBICIN_RENAL_LT10|DOXORUBICIN_HAEMODIALYSIS|DOXORUBICIN_HEPATIC_50|DOXORUBICIN_HEPATIC_25|DOXORUBICIN_HEPATIC_NOT_RECOMMENDED|CARBOPLATIN_GFR_EXTREME_CAUTION|CARBOPLATIN_GFR_DO_NOT_ADMINISTER",""
"00862","nccp-00862-v2","protocols/gynaecology/00862-niraparib-tablets-monotherapy.json","Niraparib (Tablets) Monotherapy","false","not_formally_audited","","https://healthservice.hse.ie/documents/6437/862_V2_Niraparib_Tablets_Monotherapy.pdf","crcl_ml_min|haemodialysis|hepatic_impairment|breastfeeding","BREASTFEEDING|RENAL_UNDER_30|HAEMODIALYSIS|HEPATIC_MODERATE_SEVERE",""
"00885","nccp-00885-v2","protocols/genitourinary/00885-erdafitinib-therapy.json","Erdafitinib Therapy","false","not_formally_audited","","https://healthservice.hse.ie/documents/6646/885_v2_Erdafitinib.pdf","alt_ast_uln_multiple|bilirubin_uln_multiple","",""
"00889","nccp-00889-v1a","protocols/gastrointestinal/00889-pemigatinib-therapy.json","Pemigatinib Therapy","true","source_reconciled_rule_encoding","structured_rules","https://healthservice.hse.ie/documents/6647/889_v1a_Pemigatinib.pdf","breastfeeding|alt_ast_uln_multiple|bilirubin_uln_multiple|targeted_renal_band|targeted_hepatic_band","PREGNANCY_OR_BREASTFEEDING|ORAL_TARGETED_LFT_REVIEW|ORAL_TARGETED_BILIRUBIN_REVIEW|OF590_00889_PEMI_RENAL|OF590_00889_PEMI_CHILD_C",""
"00890","nccp-00890-v2","protocols/gastrointestinal/00890-fruquintinib-monotherapy.json","Fruquintinib Monotherapy","true","source_reconciled_rule_encoding","structured_rules","https://healthservice.hse.ie/documents/6648/890_v2_Fruquintinib.pdf","breastfeeding|diastolic_bp_mmhg|gi_perforation_or_fistula|alt_ast_uln_multiple|bilirubin_uln_multiple|targeted_renal_band|targeted_hepatic_band","PREGNANCY_OR_BREASTFEEDING|UNCONTROLLED_HYPERTENSION|ORAL_TARGETED_LFT_REVIEW|ORAL_TARGETED_BILIRUBIN_REVIEW|OF590_00890_FRUQ_HEP_SEV|OF590_00890_FRUQ_STOP|OF590_00890_FRUQ_G4|OF590_00890_FRUQ_G2_3",""
"00892","nccp-00892-v2","protocols/breast/00892-ribociclib-adjuvant.json","Ribociclib Therapy (Adjuvant) - 28 day","false","not_formally_audited","","https://healthservice.hse.ie/documents/6649/892_Ribociclib_Adjuvant.pdf","child_pugh|ast_alt_grade|bilirubin_elevated|renal_band","DIALYSIS|SEVERE_RENAL_200|CHILDPUGH_BC|LIVER_DILI",""
"00893","nccp-00893-v1","protocols/head-neck/00893-methotrexate-40-mg-m-monotherapy-28-day.json","Methotrexate 40 mg/m² Monotherapy – 28 day","false","not_formally_audited","","https://healthservice.hse.ie/documents/6862/893_V1_Methotrexate_40_HNSCC.pdf","alt_ast_uln_multiple|bilirubin_uln_multiple|breastfeeding|methotrexate_crcl_band|bilirubin_umol_l","MTX_RENAL_20_49|MTX_RENAL_LT20|MTX_BILI",""
"00894","nccp-00894-v1","protocols/genitourinary/00894-intravesical-gemcitabine-and-docetaxel.json","Intravesical Gemcitabine and Docetaxel","false","not_formally_audited","","https://healthservice.hse.ie/documents/7616/894_Gemcitabine_Docetaxel_intravesical_.pdf","alt_ast_uln_multiple|bilirubin_uln_multiple","",""
"00897","nccp-00897-v3","protocols/gastrointestinal/00897-durvalumab-gemcitabine-cisplatin.json","Durvalumab 1500 mg, Gemcitabine 1000 mg/m² and Cisplatin 25 mg/m² Therapy","false","not_formally_audited","","https://healthservice.hse.ie/documents/6652/897_v3_Durvalumab_Gem_Cis.pdf","crcl_ml_min|haemodialysis|bilirubin_umol_l|biliary_infection_or_cholangitis|breastfeeding|alt_ast_uln_multiple|bilirubin_uln_multiple|creatinine_ratio_baseline_or_uln|rash_grade_2_over_one_week","PREGNANCY_OR_BREASTFEEDING_REVIEW|HEPATITIS_WITHHOLD|HEPATITIS_PERMANENT|NEPHRITIS_G2|NEPHRITIS_G3_G4|BILIARY_INFECTION|CISPLATIN_CRCL_50_59|CISPLATIN_CRCL_40_49|CISPLATIN_CRCL_LT40|CISPLATIN_HAEMODIALYSIS|GEMCITABINE_BILI_GE27",""
"00900","nccp-00900-v1a","protocols/gastrointestinal/00900-nivolumab-240-mg-and-ipilimumab-1-mg-kg-therapy.json","Nivolumab 240 mg and Ipilimumab 1 mg/kg Therapy","false","not_formally_audited","","https://healthservice.hse.ie/documents/6653/900_v1a_Nivolumab_240mg_ipilimumab_1mgkg_.pdf","breastfeeding|creatinine_ratio_baseline_or_uln|alt_ast_uln_multiple|bilirubin_uln_multiple","PREGNANCY_OR_BREASTFEEDING|ICI_NEPHRITIS_RATIO|ICI_HEPATITIS_TRANSAMINASE|ICI_HEPATITIS_BILIRUBIN",""
"00901","nccp-00901-v1a","protocols/gastrointestinal/00901-ivosidenib-therapy.json","Ivosidenib Therapy","true","source_reconciled_rule_encoding","structured_rules","https://healthservice.hse.ie/documents/6654/901_v1a_Ivosidenib.pdf","breastfeeding|alt_ast_uln_multiple|bilirubin_uln_multiple|targeted_renal_band|targeted_hepatic_band","PREGNANCY_OR_BREASTFEEDING|ORAL_TARGETED_LFT_REVIEW|ORAL_TARGETED_BILIRUBIN_REVIEW|OF590_00901_IVO_RENAL_LOW|OF590_00901_IVO_CHILD_C",""
"00903","nccp-00903-v1","protocols/head-neck/00903-gemcitabine-1000-mg-m-and-cisplatin-80-mg-m-induction.json","Gemcitabine 1000 mg/m² and Cisplatin 80 mg/m² Induction","false","not_formally_audited","","https://healthservice.hse.ie/documents/6859/903_V1_Gemcitabine_1g_CISplatin_80.pdf","alt_ast_uln_multiple|bilirubin_uln_multiple|breastfeeding|cisplatin_crcl_band|gemcitabine_crcl_band","CIS_RENAL_50_59|CIS_RENAL_40_49|CIS_RENAL_LOW|GEM_RENAL_LT30",""
"00904","nccp-00904-v1","protocols/gynaecology/00904-rucaparib-tablets-monotherapy.json","Rucaparib (Tablets) Monotherapy","false","not_formally_audited","","https://healthservice.hse.ie/documents/6655/904_V1_Rucaparib_monotherapy.pdf","alt_ast_uln_multiple|bilirubin_uln_multiple|parp_renal_band","PARP_RENAL",""
"00908","nccp-00908-v1a","protocols/lung/00908-serplulimab-carboplatin-auc5-and-etoposide-100-mg-m2-21-day.json","Serplulimab, Carboplatin AUC5 and Etoposide 100 mg/m² – 21 day","false","not_formally_audited","","https://healthservice.hse.ie/documents/6856/908_Serplulimab_CARBO_Etop_f8OKidZ.pdf","breastfeeding|gfr_crcl_ml_min|etoposide_renal_band|bilirubin_uln_multiple|alt_ast_uln_multiple|creatinine_ratio_baseline_or_uln","PREGNANCY_BREASTFEEDING|CARBO_GFR_20_OR_LESS|CARBO_GFR_20_30|ETOP_RENAL_15_49|ETOP_RENAL_LT15|ETOP_DIALYSIS|ETOP_BILI_HIGH|ICI_HEPATITIS_WITHHOLD|ICI_HEPATITIS_STOP|ICI_BILI_WITHHOLD|ICI_RENAL_G2|ICI_RENAL_G3",""
"00924","nccp-00924-v1","protocols/gastrointestinal/00924-tislelizumab-and-capox-therapy.json","Tislelizumab and CAPOX Therapy","false","not_formally_audited","","https://healthservice.hse.ie/documents/7463/00924_Tislelizumab_and_CAPOX.pdf","breastfeeding|oxaliplatin_renal_band|creatinine_ratio_baseline_or_uln|alt_ast_uln_multiple|bilirubin_uln_multiple","PREGNANCY_OR_BREASTFEEDING|OXALIPLATIN_SEVERE_RENAL|OXALIPLATIN_DIALYSIS|ICI_NEPHRITIS_RATIO|ICI_HEPATITIS_TRANSAMINASE|ICI_HEPATITIS_BILIRUBIN",""
"00925","nccp-00925-v1","protocols/gastrointestinal/00925-tislelizumab-and-modified-folfox-6-therapy.json","Tislelizumab and Modified FOLFOX-6 Therapy","false","not_formally_audited","","https://healthservice.hse.ie/documents/7462/Tislelizumab_and_FOLFOX-6_Modified_Therapy.pdf","breastfeeding|oxaliplatin_renal_band|creatinine_ratio_baseline_or_uln|alt_ast_uln_multiple|bilirubin_uln_multiple","PREGNANCY_OR_BREASTFEEDING|OXALIPLATIN_SEVERE_RENAL|OXALIPLATIN_DIALYSIS|ICI_NEPHRITIS_RATIO|ICI_HEPATITIS_TRANSAMINASE|ICI_HEPATITIS_BILIRUBIN",""
"00926","nccp-00926-v1","protocols/gastrointestinal/00926-tremelimumab-durvalumab.json","Tremelimumab and Durvalumab Therapy","false","not_formally_audited","","https://healthservice.hse.ie/documents/7979/926_NCCP_Regimen_Tremelimumab_and_Durvalumab.pdf","breastfeeding|alt_ast_uln_multiple|bilirubin_uln_multiple|creatinine_ratio_baseline_or_uln|rash_grade_2_over_one_week|child_pugh_class","PREGNANCY_OR_BREASTFEEDING_REVIEW|HEPATITIS_WITHHOLD|HEPATITIS_PERMANENT|NEPHRITIS_G2|NEPHRITIS_G3_G4|CHILD_PUGH_OUTSIDE_SOURCE",""
"00929","nccp-00929-v1","protocols/gynaecology/00929-dostarlimab-paclitaxel-and-carboplatin-therapy.json","Dostarlimab, Paclitaxel and Carboplatin Therapy","false","not_formally_audited","","https://healthservice.hse.ie/documents/8284/929_Dostarlimab_-_PACLi_CARBO_Regimen.pdf","alt_ast_uln_multiple|bilirubin_uln_multiple|gfr_or_crcl_ml_min|creatinine_ratio_baseline_or_uln","CARBO_GFR_LOW|TAXANE_LFT|ICI_HEP_G2|ICI_HEP_G3|ICI_BILI|ICI_RENAL",""
"00936","nccp-00936-vcurrent","protocols/breast/00936-tucatinib-trastuzumab-capecitabine.json","Tucatinib, Trastuzumab and Capecitabine Therapy - 21 days","false","not_formally_audited","","https://healthservice.hse.ie/documents/8391/936_Tucatinib_Regimen.pdf","breastfeeding|crcl|alt_grade|bilirubin_grade|severe_hepatic_impairment","EXCL_BF|CRCL_LT30|SEV_HEP|HEP_G3|BILI_G3",""
"00945","nccp-00945-v1","protocols/genitourinary/00945-enfortumab-vedotin-and-pembrolizumab-therapy.json","Enfortumab Vedotin and Pembrolizumab Therapy","false","not_formally_audited","","https://healthservice.hse.ie/documents/10493/945_Enfortumab_vedotin_Pembro.pdf","alt_ast_uln_multiple|bilirubin_uln_multiple|creatinine_ratio_baseline_or_uln","ICI_RENAL",""
